run_name,depth,architecture,replicate,checkpoint_step,layer_name,mmcs,ml2r,ml2r_shrinkage_gap,assignment_cosine_mean,per_feature_mmcs,per_feature_ml2r,high_mmcs_flag,paper_shrinkage_flag_0p95,paper_shrinkage_flag_0p90,paper_shrinkage_flag_0p80,grouped_top1_ml2r,grouped_top3_ml2r,grouped_top5_ml2r
exp_07_tms_5_2_2layer_tied_rep1,2,tied,1,5000,linear1,0.9999158978462219,0.9887871742248535,0.011212825775146484,0.9999158978462219,"[0.9999973773956299, 0.9998489022254944, 0.9999932050704956, 0.9999696016311646, 0.9997705221176147]","[0.9881733059883118, 0.997978925704956, 0.982143759727478, 0.9867157340049744, 0.9889240264892578]",1.0,0.0,0.0,0.0,0.9887871742248535,1.003680944442749,1.0301439762115479
exp_07_tms_5_2_2layer_tied_rep1,2,tied,1,5000,linear2,0.6379631757736206,0.6200660467147827,0.3799339532852173,0.6379631757736206,"[0.6404476165771484, 0.6354787945747375]","[0.6217114329338074, 0.6184206008911133]",0.0,0.0,0.0,0.0,0.6200660467147827,0.9678758978843689,1.0122437477111816
exp_07_tms_5_2_2layer_tied_rep1,2,tied,1,10000,linear1,0.9999397993087769,0.988412082195282,0.011587917804718018,0.9999397993087769,"[0.9999969601631165, 0.999928891658783, 0.9999982714653015, 0.9999865293502808, 0.999788224697113]","[0.987207293510437, 0.9932093620300293, 0.9858883023262024, 0.9910703897476196, 0.9846850633621216]",1.0,0.0,0.0,0.0,0.988412082195282,1.0259654521942139,1.0327229499816895
exp_07_tms_5_2_2layer_tied_rep1,2,tied,1,10000,linear2,0.6389142274856567,0.6202216744422913,0.37977832555770874,0.6389142274856567,"[0.6401190757751465, 0.637709379196167]","[0.6194198727607727, 0.6210234761238098]",0.0,0.0,0.0,0.0,0.6202216744422913,0.8961378335952759,1.0177552700042725
exp_07_tms_5_2_2layer_tied_rep1,2,tied,1,15000,linear1,0.9999462366104126,0.9913450479507446,0.008654952049255371,0.9999462366104126,"[0.9999998807907104, 0.9999125599861145, 0.9999990463256836, 0.9999788999557495, 0.999840497970581]","[0.9902422428131104, 0.9960888028144836, 0.985231876373291, 0.9949264526367188, 0.9902355670928955]",1.0,0.0,0.0,0.0,0.9913450479507446,1.0347709655761719,1.034207820892334
exp_07_tms_5_2_2layer_tied_rep1,2,tied,1,15000,linear2,0.6407750844955444,0.622358500957489,0.377641499042511,0.6407750844955444,"[0.6435993909835815, 0.6379507184028625]","[0.6212201714515686, 0.6234968304634094]",0.0,0.0,0.0,0.0,0.622358500957489,0.9711838960647583,1.024426817893982
exp_07_tms_5_2_2layer_tied_rep1,2,tied,1,20000,linear1,0.9999607801437378,0.9928023219108582,0.007197678089141846,0.9999607801437378,"[0.9999935626983643, 0.999942421913147, 0.999998927116394, 0.9999775290489197, 0.9998913407325745]","[0.9907261729240417, 0.9998450875282288, 0.9888778924942017, 0.9953184127807617, 0.989244282245636]",1.0,0.0,0.0,0.0,0.9928023219108582,1.0370378494262695,1.0357674360275269
exp_07_tms_5_2_2layer_tied_rep1,2,tied,1,20000,linear2,0.6416953802108765,0.6239393353462219,0.3760606646537781,0.6416953802108765,"[0.6428481340408325, 0.6405426859855652]","[0.6236084699630737, 0.6242702007293701]",0.0,0.0,0.0,0.0,0.6239393353462219,0.9740645885467529,1.022857904434204
exp_07_tms_5_2_2layer_tied_rep1,2,tied,1,25000,linear1,0.9999699592590332,0.992519736289978,0.007480263710021973,0.9999699592590332,"[0.9999992251396179, 0.9999498128890991, 0.9999997615814209, 0.999981701374054, 0.9999195337295532]","[0.9914863705635071, 0.9932709336280823, 0.988259494304657, 0.9968414902687073, 0.9927403926849365]",1.0,0.0,0.0,0.0,0.992519736289978,1.037477731704712,1.0364205837249756
exp_07_tms_5_2_2layer_tied_rep1,2,tied,1,25000,linear2,0.6410934925079346,0.622434139251709,0.377565860748291,0.6410934925079346,"[0.6423173546791077, 0.6398695707321167]","[0.619533121585846, 0.6253350973129272]",0.0,0.0,0.0,0.0,0.622434139251709,0.9736334085464478,1.0272941589355469
exp_07_tms_5_2_2layer_tied_rep1,2,tied,1,30000,linear1,0.9999677538871765,0.9928674697875977,0.007132530212402344,0.9999677538871765,"[0.9999958872795105, 0.9999616146087646, 0.9999994039535522, 0.9999825954437256, 0.99989914894104]","[0.9934409260749817, 0.993994951248169, 0.9869886040687561, 0.995821475982666, 0.9940914511680603]",1.0,0.0,0.0,0.0,0.9928674697875977,1.0373094081878662,1.0360852479934692
exp_07_tms_5_2_2layer_tied_rep1,2,tied,1,30000,linear2,0.6410841345787048,0.6223700046539307,0.37762999534606934,0.6410841345787048,"[0.641429603099823, 0.6407386660575867]","[0.6200186014175415, 0.624721348285675]",0.0,0.0,0.0,0.0,0.6223700046539307,0.9733158349990845,1.0272470712661743
exp_07_tms_5_2_2layer_tied_rep1,2,tied,1,35000,linear1,0.9999681711196899,0.9905239939689636,0.009476006031036377,0.9999681711196899,"[0.9999982118606567, 0.9999578595161438, 0.9999996423721313, 0.9999822378158569, 0.999902606010437]","[0.9913994073867798, 1.0003578662872314, 0.9856634140014648, 0.9891001582145691, 0.9860991835594177]",1.0,0.0,0.0,0.0,0.9905239939689636,1.0350353717803955,1.0338108539581299
exp_07_tms_5_2_2layer_tied_rep1,2,tied,1,35000,linear2,0.6416493058204651,0.6222497820854187,0.3777502179145813,0.6416493058204651,"[0.6427276134490967, 0.6405709981918335]","[0.6240607500076294, 0.620438814163208]",0.0,0.0,0.0,0.0,0.6222497820854187,0.9721254110336304,1.0258697271347046
exp_07_tms_5_2_2layer_tied_rep1,2,tied,1,40000,linear1,0.9999693632125854,0.9908758401870728,0.009124159812927246,0.9999693632125854,"[0.9999988079071045, 0.9999628663063049, 1.0, 0.9999831914901733, 0.9999021291732788]","[0.9920032620429993, 0.9993207454681396, 0.9861204028129578, 0.9909535646438599, 0.9859810471534729]",1.0,0.0,0.0,0.0,0.9908758401870728,1.0356652736663818,1.034332513809204
exp_07_tms_5_2_2layer_tied_rep1,2,tied,1,40000,linear2,0.6416136026382446,0.6225622892379761,0.3774377107620239,0.6416136026382446,"[0.642230212688446, 0.640997052192688]","[0.6234238147735596, 0.6217007040977478]",0.0,0.0,0.0,0.0,0.6225622892379761,0.9725735187530518,1.0264091491699219
exp_07_tms_5_2_2layer_untied_rep1,2,untied,1,5000,linear1,0.9990585446357727,0.7889417409896851,0.21105825901031494,0.9982616305351257,"[0.9999995231628418, 0.9999996423721313, 0.9999995827674866, 0.9999988079071045, 0.9952955842018127]","[0.06907931715250015, 0.6843384504318237, 0.0010225947480648756, 0.9979323148727417, 2.192336320877075]",1.0,1.0,1.0,1.0,0.7889417409896851,1.1711513996124268,1.1863470077514648
exp_07_tms_5_2_2layer_untied_rep1,2,untied,1,5000,linear2,0.7034505605697632,0.7057612538337708,0.29423874616622925,0.6920076608657837,"[0.7108445167541504, 0.6960565447807312]","[0.7272419929504395, 0.684280514717102]",0.0,0.0,0.0,0.0,0.7057612538337708,1.0146278142929077,1.0617132186889648
exp_07_tms_5_2_2layer_untied_rep1,2,untied,1,10000,linear1,0.9990490078926086,0.8753617405891418,0.12463825941085815,0.9988369941711426,"[0.9999983310699463, 0.9999991655349731, 0.9999980926513672, 0.9999979734420776, 0.9952511787414551]","[0.466945618391037, 0.6670330762863159, 0.9903058409690857, 0.9971652626991272, 1.2553585767745972]",1.0,1.0,1.0,0.0,0.8753617405891418,0.9629884958267212,1.007340431213379
exp_07_tms_5_2_2layer_untied_rep1,2,untied,1,10000,linear2,0.7029102444648743,0.7068061828613281,0.2931938171386719,0.6926717758178711,"[0.7107604742050171, 0.6950600147247314]","[0.7272149324417114, 0.6863974928855896]",0.0,0.0,0.0,0.0,0.7068061828613281,1.0636929273605347,1.0641157627105713
exp_07_tms_5_2_2layer_untied_rep1,2,untied,1,15000,linear1,0.999621570110321,0.6314795613288879,0.36852043867111206,0.9995986223220825,"[0.9999988079071045, 0.9999989867210388, 0.9999984502792358, 0.999997615814209, 0.9981138706207275]","[0.4686380922794342, 0.6577751040458679, 0.9896991848945618, 1.0025681257247925, 0.038717154413461685]",1.0,1.0,1.0,1.0,0.6314795613288879,0.8872511982917786,1.0916659832000732
exp_07_tms_5_2_2layer_untied_rep1,2,untied,1,15000,linear2,0.7052053213119507,0.7097313404083252,0.2902686595916748,0.6927326917648315,"[0.7113450765609741, 0.699065625667572]","[0.730389416217804, 0.6890732049942017]",0.0,0.0,0.0,0.0,0.7097313404083252,1.0674662590026855,1.0681447982788086
exp_07_tms_5_2_2layer_untied_rep1,2,untied,1,20000,linear1,0.9990466237068176,0.9053438305854797,0.09465616941452026,0.8298527598381042,"[0.9999912977218628, 0.9999992847442627, 0.9999906420707703, 0.9999980926513672, 0.9952536821365356]","[0.4635279178619385, 0.652758002281189, 0.9942967891693115, 1.0161912441253662, 1.3999451398849487]",1.0,1.0,0.0,0.0,0.9053438305854797,1.2473728656768799,1.247196078300476
exp_07_tms_5_2_2layer_untied_rep1,2,untied,1,20000,linear2,0.7049079537391663,0.7097455859184265,0.2902544140815735,0.693530797958374,"[0.7121744155883789, 0.6976414918899536]","[0.7303018569946289, 0.6891893148422241]",0.0,0.0,0.0,0.0,0.7097455859184265,1.072737216949463,1.0718297958374023
exp_07_tms_5_2_2layer_untied_rep1,2,untied,1,25000,linear1,0.9990542531013489,0.8798559904098511,0.12014400959014893,0.8258536458015442,"[0.999998927116394, 0.9999994039535522, 0.9999986290931702, 0.9999984502792358, 0.9952759742736816]","[0.47049418091773987, 0.6548465490341187, 0.9966480135917664, 1.0223546028137207, 1.254936695098877]",1.0,1.0,1.0,0.0,0.8798559904098511,1.0575106143951416,1.0681794881820679
exp_07_tms_5_2_2layer_untied_rep1,2,untied,1,25000,linear2,0.7053009867668152,0.7099366784095764,0.2900633215904236,0.6938940286636353,"[0.7129092216491699, 0.6976927518844604]","[0.7305142879486084, 0.6893590688705444]",0.0,0.0,0.0,0.0,0.7099366784095764,1.0704396963119507,1.0699344873428345
exp_07_tms_5_2_2layer_untied_rep1,2,untied,1,30000,linear1,0.9990490078926086,0.9196012616157532,0.08039873838424683,0.8341261148452759,"[0.9999902248382568, 0.9999993443489075, 0.9999896287918091, 0.9999982714653015, 0.9952678084373474]","[0.4728067219257355, 0.6508941054344177, 0.9933985471725464, 1.0209028720855713, 1.4600038528442383]",1.0,1.0,0.0,0.0,0.9196012616157532,1.1014536619186401,1.0990347862243652
exp_07_tms_5_2_2layer_untied_rep1,2,untied,1,30000,linear2,0.7051292657852173,0.714495062828064,0.28550493717193604,0.6934795379638672,"[0.712349534034729, 0.6979089975357056]","[0.7352149486541748, 0.6937751770019531]",0.0,0.0,0.0,0.0,0.714495062828064,1.0734045505523682,1.072921872138977
exp_07_tms_5_2_2layer_untied_rep1,2,untied,1,35000,linear1,0.9990524053573608,0.6399222612380981,0.36007773876190186,0.849583625793457,"[0.9999966025352478, 0.9999994039535522, 0.9999967813491821, 0.9999983310699463, 0.9952709674835205]","[0.03600713610649109, 0.6596240401268005, 0.0002882536791730672, 1.0241645574569702, 1.4795273542404175]",1.0,1.0,1.0,1.0,0.6399222612380981,1.1114181280136108,1.116079568862915
exp_07_tms_5_2_2layer_untied_rep1,2,untied,1,35000,linear2,0.7050142884254456,0.7144856452941895,0.28551435470581055,0.692725419998169,"[0.7106748223304749, 0.6993537545204163]","[0.7352023720741272, 0.6937689185142517]",0.0,0.0,0.0,0.0,0.7144856452941895,1.0735995769500732,1.0731223821640015
exp_07_tms_5_2_2layer_untied_rep1,2,untied,1,40000,linear1,0.9990682601928711,0.8837713003158569,0.11622869968414307,0.8453952074050903,"[0.9999990463256836, 0.9999999403953552, 0.9999987483024597, 0.999999463558197, 0.9953442811965942]","[0.47222498059272766, 0.6551071405410767, 0.998943567276001, 1.023716688156128, 1.2688640356063843]",1.0,1.0,1.0,0.0,0.8837713003158569,1.0779242515563965,1.0775922536849976
exp_07_tms_5_2_2layer_untied_rep1,2,untied,1,40000,linear2,0.7050668001174927,0.7145360708236694,0.28546392917633057,0.692523717880249,"[0.710489809513092, 0.6996437311172485]","[0.7352495789527893, 0.6938225030899048]",0.0,0.0,0.0,0.0,0.7145360708236694,1.0743871927261353,1.0738811492919922
exp_07_tms_5_2_3layer_tied_rep1,3,tied,1,5000,linear1,0.9997690916061401,0.9915499687194824,0.008450031280517578,0.9997690916061401,"[0.9997555017471313, 0.9997655153274536, 0.9999985098838806, 0.999830424785614, 0.9994956254959106]","[0.9954484701156616, 0.9947766661643982, 0.9910829067230225, 0.9904447197914124, 0.9859967827796936]",1.0,0.0,0.0,0.0,0.9915499687194824,1.00161612033844,1.0244158506393433
exp_07_tms_5_2_3layer_tied_rep1,3,tied,1,5000,linear2,0.6336269378662109,0.6112128496170044,0.3887871503829956,0.6336269378662109,"[0.6208056211471558, 0.6464481949806213]","[0.5974900126457214, 0.6249356865882874]",0.0,0.0,0.0,0.0,0.6112128496170044,0.9673866629600525,1.0179295539855957
exp_07_tms_5_2_3layer_tied_rep1,3,tied,1,5000,hidden_layers.0,0.9164930582046509,0.31562963128089905,0.684370368719101,0.9164930582046509,"[0.9866960644721985, 0.8462900519371033]","[0.0004814314597751945, 0.6307778358459473]",0.0,0.0,0.0,0.0,0.31562963128089905,0.5123833417892456,0.9784306287765503
exp_07_tms_5_2_3layer_tied_rep1,3,tied,1,10000,linear1,0.9998103380203247,0.9908943176269531,0.009105682373046875,0.9998103380203247,"[0.9998428225517273, 0.9997316002845764, 0.9999970197677612, 0.9998589754104614, 0.9996215105056763]","[0.9943081140518188, 0.9942822456359863, 0.993690013885498, 0.9888493418693542, 0.9833418130874634]",1.0,0.0,0.0,0.0,0.9908943176269531,1.0179059505462646,1.0332393646240234
exp_07_tms_5_2_3layer_tied_rep1,3,tied,1,10000,linear2,0.7170020341873169,0.29723891615867615,0.7027610838413239,0.7170020341873169,"[0.6208161115646362, 0.8131879568099976]","[0.5944122672080994, 6.554674473591149e-05]",0.0,0.0,0.0,0.0,0.29723891615867615,0.8777140974998474,1.004565715789795
exp_07_tms_5_2_3layer_tied_rep1,3,tied,1,10000,hidden_layers.0,0.9215909242630005,0.31718283891677856,0.6828171610832214,0.9215909242630005,"[0.996766984462738, 0.8464149236679077]","[0.0014828575076535344, 0.632882833480835]",0.0,0.0,0.0,0.0,0.31718283891677856,0.5166653394699097,0.982428252696991
exp_07_tms_5_2_3layer_tied_rep1,3,tied,1,15000,linear1,0.9998049736022949,0.991908848285675,0.008091151714324951,0.9998049736022949,"[0.999876856803894, 0.9996428489685059, 1.0, 0.9998711347579956, 0.9996337890625]","[0.992556095123291, 0.9924196004867554, 0.9988039135932922, 0.9904600977897644, 0.9853044748306274]",1.0,0.0,0.0,0.0,0.991908848285675,1.0354405641555786,1.0344372987747192
exp_07_tms_5_2_3layer_tied_rep1,3,tied,1,15000,linear2,0.6338357925415039,0.6085799336433411,0.39142006635665894,0.6338357925415039,"[0.6229564547538757, 0.6447150707244873]","[0.5925294160842896, 0.6246304512023926]",0.0,0.0,0.0,0.0,0.6085799336433411,0.9682808518409729,1.0174789428710938
exp_07_tms_5_2_3layer_tied_rep1,3,tied,1,15000,hidden_layers.0,0.9105423092842102,0.31653955578804016,0.6834604442119598,0.9105423092842102,"[0.9754793643951416, 0.8456052541732788]","[0.0009295626077800989, 0.6321495771408081]",0.0,0.0,0.0,0.0,0.31653955578804016,0.5141677260398865,0.9826603531837463
exp_07_tms_5_2_3layer_tied_rep1,3,tied,1,20000,linear1,0.9998481869697571,0.9965306520462036,0.0034693479537963867,0.9998481869697571,"[0.9999117851257324, 0.9997507929801941, 0.9999932050704956, 0.9998915195465088, 0.9996935725212097]","[0.9903349280357361, 1.0066561698913574, 0.9893515110015869, 1.0033365488052368, 0.9929741621017456]",1.0,0.0,0.0,0.0,0.9965306520462036,1.0368156433105469,1.0379291772842407
exp_07_tms_5_2_3layer_tied_rep1,3,tied,1,20000,linear2,0.63509202003479,0.6152989268302917,0.38470107316970825,0.63509202003479,"[0.6275622248649597, 0.6426218748092651]","[0.6019314527511597, 0.6286664009094238]",0.0,0.0,0.0,0.0,0.6152989268302917,0.9760068655014038,1.0288708209991455
exp_07_tms_5_2_3layer_tied_rep1,3,tied,1,20000,hidden_layers.0,0.7284276485443115,0.8117471933364868,0.18825280666351318,0.7194057703018188,"[0.612748920917511, 0.8441063165664673]","[0.9784144163131714, 0.645080029964447]",0.0,0.0,0.0,0.0,0.8117471933364868,1.033087134361267,1.032845139503479
exp_07_tms_5_2_3layer_tied_rep1,3,tied,1,25000,linear1,0.9998675584793091,0.9968185424804688,0.00318145751953125,0.9998675584793091,"[0.9999114871025085, 0.9997791051864624, 0.9999855160713196, 0.9999468922615051, 0.9997145533561707]","[0.9980547428131104, 1.0026506185531616, 0.986345112323761, 1.0056984424591064, 0.9913439154624939]",1.0,0.0,0.0,0.0,0.9968185424804688,1.0376883745193481,1.0383615493774414
exp_07_tms_5_2_3layer_tied_rep1,3,tied,1,25000,linear2,0.6348862648010254,0.6137802600860596,0.38621973991394043,0.6348862648010254,"[0.629125714302063, 0.6406468749046326]","[0.599846601486206, 0.6277138590812683]",0.0,0.0,0.0,0.0,0.6137802600860596,0.9766993522644043,1.0246150493621826
exp_07_tms_5_2_3layer_tied_rep1,3,tied,1,25000,hidden_layers.0,0.7285035252571106,0.8175879716873169,0.1824120283126831,0.7200130820274353,"[0.6132223010063171, 0.843784749507904]","[0.9859024286270142, 0.6492735147476196]",0.0,0.0,0.0,0.0,0.8175879716873169,1.0379154682159424,1.0378127098083496
exp_07_tms_5_2_3layer_tied_rep1,3,tied,1,30000,linear1,0.9998981356620789,0.997779369354248,0.002220630645751953,0.9998981356620789,"[0.9999227523803711, 0.9998978972434998, 0.9999968409538269, 0.9999619126319885, 0.9997113943099976]","[0.9920505881309509, 1.0079574584960938, 0.9909657835960388, 1.0069321393966675, 0.9909905791282654]",1.0,0.0,0.0,0.0,0.997779369354248,1.0400152206420898,1.0407230854034424
exp_07_tms_5_2_3layer_tied_rep1,3,tied,1,30000,linear2,0.6348397731781006,0.6158784031867981,0.3841215968132019,0.6348397731781006,"[0.625389575958252, 0.6442899703979492]","[0.6040250658988953, 0.6277317404747009]",0.0,0.0,0.0,0.0,0.6158784031867981,0.9781231880187988,1.0250647068023682
exp_07_tms_5_2_3layer_tied_rep1,3,tied,1,30000,hidden_layers.0,0.7286548614501953,0.8144862651824951,0.18551373481750488,0.7212467193603516,"[0.6141692996025085, 0.8431404829025269]","[0.9817662239074707, 0.6472063660621643]",0.0,0.0,0.0,0.0,0.8144862651824951,1.0367159843444824,1.0364466905593872
exp_07_tms_5_2_3layer_tied_rep1,3,tied,1,35000,linear1,0.9998788833618164,0.9977339506149292,0.0022660493850708008,0.9998788833618164,"[0.9999139308929443, 0.9998083710670471, 0.999993622303009, 0.9999326467514038, 0.999745786190033]","[0.9951586723327637, 1.00324285030365, 0.9943826794624329, 1.0000956058502197, 0.9957899451255798]",1.0,0.0,0.0,0.0,0.9977339506149292,1.0415098667144775,1.0399904251098633
exp_07_tms_5_2_3layer_tied_rep1,3,tied,1,35000,linear2,0.6346113085746765,0.6154892444610596,0.38451075553894043,0.6346113085746765,"[0.6244235634803772, 0.6447990536689758]","[0.6003648638725281, 0.6306136846542358]",0.0,0.0,0.0,0.0,0.6154892444610596,0.9775206446647644,1.0308635234832764
exp_07_tms_5_2_3layer_tied_rep1,3,tied,1,35000,hidden_layers.0,0.7288697957992554,0.8154171705245972,0.18458282947540283,0.7212110757827759,"[0.6155238151550293, 0.8422157764434814]","[0.982788622379303, 0.6480456590652466]",0.0,0.0,0.0,0.0,0.8154171705245972,1.0373528003692627,1.0371345281600952
exp_07_tms_5_2_3layer_tied_rep1,3,tied,1,40000,linear1,0.9998882412910461,0.9999787211418152,2.1278858184814453e-05,0.9998882412910461,"[0.9999207854270935, 0.9998301863670349, 0.9999955892562866, 0.9999464154243469, 0.9997478127479553]","[0.9993331432342529, 1.0069071054458618, 0.9965560436248779, 1.00089430809021, 0.9962031841278076]",1.0,0.0,0.0,0.0,0.9999787211418152,1.0437743663787842,1.0421009063720703
exp_07_tms_5_2_3layer_tied_rep1,3,tied,1,40000,linear2,0.6336674690246582,0.6167962551116943,0.38320374488830566,0.6336674690246582,"[0.6237252950668335, 0.6436097025871277]","[0.6027058959007263, 0.6308866143226624]",0.0,0.0,0.0,0.0,0.6167962551116943,0.9788997173309326,1.0323230028152466
exp_07_tms_5_2_3layer_tied_rep1,3,tied,1,40000,hidden_layers.0,0.728679895401001,0.8144813776016235,0.18551862239837646,0.7207281589508057,"[0.6143264174461365, 0.8430334329605103]","[0.9816034436225891, 0.647359311580658]",0.0,0.0,0.0,0.0,0.8144813776016235,1.036705493927002,1.03654944896698
exp_07_tms_5_2_3layer_untied_rep1,3,untied,1,5000,linear1,0.969779372215271,1.2518279552459717,-0.2518279552459717,0.8374384641647339,"[0.9989392757415771, 0.9999821186065674, 0.9914141297340393, 0.9966003894805908, 0.8619608879089355]","[1.0308787822723389, 0.057122666388750076, 2.085196018218994, 1.1502026319503784, 1.9357398748397827]",1.0,0.0,0.0,0.0,1.2518279552459717,3.6987557411193848,4.754519939422607
exp_07_tms_5_2_3layer_untied_rep1,3,untied,1,5000,linear2,0.7842535972595215,1.0370280742645264,-0.03702807426452637,0.7224254012107849,"[0.81327885389328, 0.7552283406257629]","[1.1970884799957275, 0.8769676685333252]",0.0,0.0,0.0,0.0,1.0370280742645264,1.4021639823913574,1.3805029392242432
exp_07_tms_5_2_3layer_untied_rep1,3,untied,1,5000,hidden_layers.0,0.8813272714614868,0.5075428485870361,0.49245715141296387,0.8813272714614868,"[0.8290116786956787, 0.9336428642272949]","[0.36347365379333496, 0.6516120433807373]",0.0,0.0,0.0,0.0,0.5075428485870361,1.4092609882354736,1.4552514553070068
exp_07_tms_5_2_3layer_untied_rep1,3,untied,1,10000,linear1,0.9900253415107727,1.0773417949676514,-0.07734179496765137,0.942587673664093,"[0.9986228942871094, 0.9999494552612305, 0.9940659403800964, 0.9981801509857178, 0.9593081474304199]","[1.0713168382644653, 0.05501807853579521, 1.7065112590789795, 1.2177189588546753, 1.3361434936523438]",1.0,0.0,0.0,0.0,1.0773417949676514,1.8564987182617188,2.0992588996887207
exp_07_tms_5_2_3layer_untied_rep1,3,untied,1,10000,linear2,0.7832921743392944,1.029129147529602,-0.02912914752960205,0.7241731286048889,"[0.814475953578949, 0.7521083950996399]","[1.180017113685608, 0.878241240978241]",0.0,0.0,0.0,0.0,1.029129147529602,1.3890860080718994,1.352046012878418
exp_07_tms_5_2_3layer_untied_rep1,3,untied,1,10000,hidden_layers.0,0.8886852860450745,0.5023382306098938,0.4976617693901062,0.8886852860450745,"[0.8456347584724426, 0.9317358136177063]","[0.3667609393596649, 0.6379154920578003]",0.0,0.0,0.0,0.0,0.5023382306098938,1.3981075286865234,1.4276938438415527
exp_07_tms_5_2_3layer_untied_rep1,3,untied,1,15000,linear1,0.9846893548965454,1.1295832395553589,-0.1295832395553589,0.9379552602767944,"[0.9983945488929749, 0.9772034883499146, 0.992534875869751, 0.9972920417785645, 0.9580220580101013]","[1.0785019397735596, 0.05094115063548088, 1.6840908527374268, 1.2144336700439453, 1.6199485063552856]",1.0,0.0,0.0,0.0,1.1295832395553589,1.3177821636199951,3.1208560466766357
exp_07_tms_5_2_3layer_untied_rep1,3,untied,1,15000,linear2,0.7820136547088623,1.025720238685608,-0.02572023868560791,0.7224169969558716,"[0.8132086992263794, 0.7508186101913452]","[1.1717689037322998, 0.879671573638916]",0.0,0.0,0.0,0.0,1.025720238685608,1.380875825881958,1.3423956632614136
exp_07_tms_5_2_3layer_untied_rep1,3,untied,1,15000,hidden_layers.0,0.8884983062744141,0.5051766633987427,0.4948233366012573,0.8884983062744141,"[0.843492865562439, 0.9335037469863892]","[0.37333375215530396, 0.6370195150375366]",0.0,0.0,0.0,0.0,0.5051766633987427,1.393484115600586,1.4234516620635986
exp_07_tms_5_2_3layer_untied_rep1,3,untied,1,20000,linear1,0.9851290583610535,0.8315331339836121,0.16846686601638794,0.9417568445205688,"[0.9986101388931274, 0.9812507033348083, 0.9932721853256226, 0.9977289438247681, 0.9547834992408752]","[1.076903223991394, 0.05380519852042198, 1.190987229347229, 1.2114901542663574, 0.6244797706604004]",1.0,1.0,1.0,0.0,0.8315331339836121,2.574000597000122,2.7333884239196777
exp_07_tms_5_2_3layer_untied_rep1,3,untied,1,20000,linear2,0.7834837436676025,1.0270941257476807,-0.027094125747680664,0.7217935919761658,"[0.814551830291748, 0.752415657043457]","[1.1751437187194824, 0.8790444731712341]",0.0,0.0,0.0,0.0,1.0270941257476807,1.3805351257324219,1.3438549041748047
exp_07_tms_5_2_3layer_untied_rep1,3,untied,1,20000,hidden_layers.0,0.8870331645011902,0.5074105858802795,0.49258941411972046,0.8870331645011902,"[0.8398547768592834, 0.9342115521430969]","[0.3721237778663635, 0.6426973938941956]",0.0,0.0,0.0,0.0,0.5074105858802795,1.4037928581237793,1.436765193939209
exp_07_tms_5_2_3layer_untied_rep1,3,untied,1,25000,linear1,0.984015941619873,0.8807402849197388,0.11925971508026123,0.9388226270675659,"[0.9985804557800293, 0.9760488271713257, 0.9932010173797607, 0.9976874589920044, 0.954561710357666]","[1.0719525814056396, 0.0513312965631485, 1.6866958141326904, 1.2032158374786377, 0.3905058205127716]",1.0,1.0,1.0,0.0,0.8807402849197388,1.0523027181625366,3.008967638015747
exp_07_tms_5_2_3layer_untied_rep1,3,untied,1,25000,linear2,0.7819263935089111,1.023442029953003,-0.02344202995300293,0.7241090536117554,"[0.8129988312721252, 0.7508538961410522]","[1.1684116125106812, 0.8784723281860352]",0.0,0.0,0.0,0.0,1.023442029953003,1.3718963861465454,1.3333814144134521
exp_07_tms_5_2_3layer_untied_rep1,3,untied,1,25000,hidden_layers.0,0.8840758800506592,0.5106397867202759,0.4893602132797241,0.8840758800506592,"[0.8339272737503052, 0.9342244863510132]","[0.37129825353622437, 0.6499812602996826]",0.0,0.0,0.0,0.0,0.5106397867202759,1.3987094163894653,1.4295330047607422
exp_07_tms_5_2_3layer_untied_rep1,3,untied,1,30000,linear1,0.9762586355209351,1.1062252521514893,-0.10622525215148926,0.9362049102783203,"[0.998602569103241, 0.9530353546142578, 0.9931919574737549, 0.9976820945739746, 0.9387816190719604]","[1.0729838609695435, 0.05406823381781578, 1.9292043447494507, 1.2036725282669067, 1.2711976766586304]",1.0,0.0,0.0,0.0,1.1062252521514893,2.972740411758423,3.1033935546875
exp_07_tms_5_2_3layer_untied_rep1,3,untied,1,30000,linear2,0.7820456027984619,1.021812081336975,-0.021812081336975098,0.7227268218994141,"[0.8127261400222778, 0.7513650059700012]","[1.1664012670516968, 0.8772229552268982]",0.0,0.0,0.0,0.0,1.021812081336975,1.3707042932510376,1.3326154947280884
exp_07_tms_5_2_3layer_untied_rep1,3,untied,1,30000,hidden_layers.0,0.8846889734268188,0.5146580934524536,0.4853419065475464,0.8846889734268188,"[0.8328603506088257, 0.9365176558494568]","[0.37585240602493286, 0.6534637212753296]",0.0,0.0,0.0,0.0,0.5146580934524536,1.4074127674102783,1.4388763904571533
exp_07_tms_5_2_3layer_untied_rep1,3,untied,1,35000,linear1,0.976666271686554,0.9870718121528625,0.012928187847137451,0.9339668154716492,"[0.9985674619674683, 0.9593521356582642, 0.9930969476699829, 0.997626543045044, 0.9346879124641418]","[1.072120189666748, 0.056795086711645126, 1.6454129219055176, 1.2026344537734985, 0.9583964347839355]",1.0,0.0,0.0,0.0,0.9870718121528625,3.259350299835205,3.3662707805633545
exp_07_tms_5_2_3layer_untied_rep1,3,untied,1,35000,linear2,0.78184574842453,1.0209057331085205,-0.020905733108520508,0.7214869260787964,"[0.8124154210090637, 0.7512760758399963]","[1.1660361289978027, 0.8757753372192383]",0.0,0.0,0.0,0.0,1.0209057331085205,1.3714470863342285,1.33266019821167
exp_07_tms_5_2_3layer_untied_rep1,3,untied,1,35000,hidden_layers.0,0.8839635848999023,0.5103515386581421,0.4896484613418579,0.8839635848999023,"[0.8324533700942993, 0.9354737997055054]","[0.3740294277667999, 0.6466736197471619]",0.0,0.0,0.0,0.0,0.5103515386581421,1.3995997905731201,1.4297301769256592
exp_07_tms_5_2_3layer_untied_rep1,3,untied,1,40000,linear1,0.9761306047439575,0.9196500778198242,0.08034992218017578,0.9334843754768372,"[0.9985613822937012, 0.9542016983032227, 0.9932799935340881, 0.997733473777771, 0.9368761777877808]","[1.072190523147583, 0.05501711741089821, 1.6205116510391235, 1.2041006088256836, 0.6464306116104126]",1.0,1.0,0.0,0.0,0.9196500778198242,3.050832748413086,3.1276447772979736
exp_07_tms_5_2_3layer_untied_rep1,3,untied,1,40000,linear2,0.7820696830749512,1.0204598903656006,-0.020459890365600586,0.721792459487915,"[0.8124487400054932, 0.7516906261444092]","[1.1658117771148682, 0.8751078844070435]",0.0,0.0,0.0,0.0,1.0204598903656006,1.3723516464233398,1.333519697189331
exp_07_tms_5_2_3layer_untied_rep1,3,untied,1,40000,hidden_layers.0,0.8840158581733704,0.5103994607925415,0.4896005392074585,0.8840158581733704,"[0.8325198888778687, 0.9355118274688721]","[0.3743390440940857, 0.6464599370956421]",0.0,0.0,0.0,0.0,0.5103994607925415,1.399625539779663,1.3947348594665527
exp_07_tms_5_2_4layer_tied_rep1,4,tied,1,5000,linear1,0.9996631741523743,0.9998306035995483,0.00016939640045166016,0.9996631741523743,"[0.9985913038253784, 0.9999930262565613, 0.999850869178772, 0.9998850226402283, 0.9999955892562866]","[0.9872905611991882, 1.0006742477416992, 1.0142796039581299, 1.0001587867736816, 0.9967500567436218]",1.0,0.0,0.0,0.0,0.9998306035995483,1.0224672555923462,1.0329002141952515
exp_07_tms_5_2_4layer_tied_rep1,4,tied,1,5000,linear2,0.6413631439208984,0.6356918811798096,0.36430811882019043,0.6413631439208984,"[0.6460351943969727, 0.6366910338401794]","[0.6326318979263306, 0.6387519240379333]",0.0,0.0,0.0,0.0,0.6356918811798096,0.9962828159332275,1.0223982334136963
exp_07_tms_5_2_4layer_tied_rep1,4,tied,1,5000,hidden_layers.0,0.9964964389801025,0.0009983949130401015,0.9990016050869599,0.9964964389801025,"[0.9992832541465759, 0.9937096834182739]","[0.00047547396388836205, 0.0015213157748803496]",1.0,1.0,1.0,1.0,0.0009983949130401015,0.38397476077079773,1.036590576171875
exp_07_tms_5_2_4layer_tied_rep1,4,tied,1,5000,hidden_layers.1,0.996950626373291,0.503089427947998,0.49691057205200195,0.996950626373291,"[0.9942057728767395, 0.9996954202651978]","[4.520863149082288e-05, 1.0061336755752563]",1.0,1.0,1.0,1.0,0.503089427947998,1.0040844678878784,1.0047411918640137
exp_07_tms_5_2_4layer_tied_rep1,4,tied,1,10000,linear1,0.9996185302734375,1.0015677213668823,-0.0015677213668823242,0.9996185302734375,"[0.9984084367752075, 0.9999443292617798, 0.9998253583908081, 0.9999212026596069, 0.9999929666519165]","[0.986548662185669, 1.000497817993164, 1.0165693759918213, 0.9979605674743652, 1.006262183189392]",1.0,0.0,0.0,0.0,1.0015677213668823,1.0364882946014404,1.038731336593628
exp_07_tms_5_2_4layer_tied_rep1,4,tied,1,10000,linear2,0.6428812742233276,0.639005184173584,0.360994815826416,0.6428812742233276,"[0.6455432772636414, 0.6402193307876587]","[0.6379584670066833, 0.6400519013404846]",0.0,0.0,0.0,0.0,0.639005184173584,0.9221318960189819,1.017482876777649
exp_07_tms_5_2_4layer_tied_rep1,4,tied,1,10000,hidden_layers.0,0.9439857006072998,0.3817802965641022,0.6182197034358978,0.9439857006072998,"[0.8885226845741272, 0.9994486570358276]","[0.7616056799888611, 0.001954893581569195]",0.0,0.0,0.0,0.0,0.3817802965641022,0.5170009732246399,1.03596830368042
exp_07_tms_5_2_4layer_tied_rep1,4,tied,1,10000,hidden_layers.1,0.9925533533096313,0.5037319660186768,0.49626803398132324,0.9925533533096313,"[0.9853677153587341, 0.9997390508651733]","[0.0004235217347741127, 1.0070403814315796]",1.0,1.0,1.0,1.0,0.5037319660186768,1.0034778118133545,1.0102075338363647
exp_07_tms_5_2_4layer_tied_rep1,4,tied,1,15000,linear1,0.9996546506881714,1.002280354499817,-0.0022803544998168945,0.9996546506881714,"[0.998517632484436, 0.999969482421875, 0.9998599886894226, 0.9999321103096008, 0.9999939203262329]","[0.9883448481559753, 1.008334994316101, 1.0134036540985107, 0.9971433877944946, 1.0041745901107788]",1.0,0.0,0.0,0.0,1.002280354499817,1.0406739711761475,1.0396627187728882
exp_07_tms_5_2_4layer_tied_rep1,4,tied,1,15000,linear2,0.6416725516319275,0.6376340389251709,0.3623659610748291,0.6416725516319275,"[0.6452747583389282, 0.6380703449249268]","[0.636986494064331, 0.638281524181366]",0.0,0.0,0.0,0.0,0.6376340389251709,1.0050690174102783,1.032151222229004
exp_07_tms_5_2_4layer_tied_rep1,4,tied,1,15000,hidden_layers.0,0.9282467365264893,0.37876883149147034,0.6212311685085297,0.9282467365264893,"[0.876981794834137, 0.9795116186141968]","[0.757256031036377, 0.00028162210946902633]",0.0,0.0,0.0,0.0,0.37876883149147034,1.026427984237671,1.015434741973877
exp_07_tms_5_2_4layer_tied_rep1,4,tied,1,15000,hidden_layers.1,0.9829691648483276,1.010176420211792,-0.010176420211791992,0.9829691648483276,"[0.9661223888397217, 0.9998159408569336]","[1.01313316822052, 1.0072197914123535]",1.0,0.0,0.0,0.0,1.010176420211792,1.01444411277771,1.0158666372299194
exp_07_tms_5_2_4layer_tied_rep1,4,tied,1,20000,linear1,0.9996994733810425,1.0051872730255127,-0.005187273025512695,0.9996994733810425,"[0.9986276030540466, 0.9999721050262451, 0.9999078512191772, 0.9999901056289673, 1.0]","[0.9747106432914734, 1.0224169492721558, 1.0048649311065674, 1.0219720602035522, 1.0019716024398804]",1.0,0.0,0.0,0.0,1.0051872730255127,1.0417248010635376,1.0396795272827148
exp_07_tms_5_2_4layer_tied_rep1,4,tied,1,20000,linear2,0.6398698091506958,0.6347565054893494,0.36524349451065063,0.6398698091506958,"[0.6416771411895752, 0.6380624771118164]","[0.6360528469085693, 0.6334601640701294]",0.0,0.0,0.0,0.0,0.6347565054893494,1.0064245462417603,1.0298291444778442
exp_07_tms_5_2_4layer_tied_rep1,4,tied,1,20000,hidden_layers.0,0.894500732421875,0.8959125280380249,0.1040874719619751,0.894500732421875,"[0.8768699169158936, 0.9121314883232117]","[0.7640124559402466, 1.0278126001358032]",0.0,0.0,0.0,0.0,0.8959125280380249,1.020618200302124,1.018892765045166
exp_07_tms_5_2_4layer_tied_rep1,4,tied,1,20000,hidden_layers.1,0.9801533222198486,1.0257155895233154,-0.02571558952331543,0.9801533222198486,"[0.9606481790542603, 0.999658465385437]","[1.0211845636367798, 1.0302467346191406]",1.0,0.0,0.0,0.0,1.0257155895233154,1.032090187072754,1.031388759613037
exp_07_tms_5_2_4layer_tied_rep1,4,tied,1,25000,linear1,0.9997660517692566,1.0097684860229492,-0.009768486022949219,0.9997660517692566,"[0.9989259243011475, 0.9999759197235107, 0.999948263168335, 0.9999890923500061, 0.9999909400939941]","[0.9827952980995178, 1.0258833169937134, 1.0055253505706787, 1.0279062986373901, 1.00673246383667]",1.0,0.0,0.0,0.0,1.0097684860229492,1.0464825630187988,1.045194387435913
exp_07_tms_5_2_4layer_tied_rep1,4,tied,1,25000,linear2,0.6399598121643066,0.6362892389297485,0.36371076107025146,0.6399598121643066,"[0.6373286247253418, 0.6425909996032715]","[0.6378937363624573, 0.6346847414970398]",0.0,0.0,0.0,0.0,0.6362892389297485,1.0122058391571045,1.035921573638916
exp_07_tms_5_2_4layer_tied_rep1,4,tied,1,25000,hidden_layers.0,0.8927175402641296,0.8873209357261658,0.11267906427383423,0.8927175402641296,"[0.8756005764007568, 0.9098345041275024]","[0.7524639368057251, 1.0221779346466064]",0.0,0.0,0.0,0.0,0.8873209357261658,1.0137288570404053,1.0123240947723389
exp_07_tms_5_2_4layer_tied_rep1,4,tied,1,25000,hidden_layers.1,0.9809948205947876,1.0268948078155518,-0.026894807815551758,0.9809948205947876,"[0.9622001051902771, 0.9997895956039429]","[1.0241944789886475, 1.0295952558517456]",1.0,0.0,0.0,0.0,1.0268948078155518,1.0322566032409668,1.0322086811065674
exp_07_tms_5_2_4layer_tied_rep1,4,tied,1,30000,linear1,0.9997736811637878,1.0117037296295166,-0.011703729629516602,0.9997736811637878,"[0.9989985227584839, 0.9999632835388184, 0.9999168515205383, 0.9999898076057434, 0.9999998807907104]","[0.9845422506332397, 1.024774432182312, 1.006340503692627, 1.0303056240081787, 1.0125555992126465]",1.0,0.0,0.0,0.0,1.0117037296295166,1.0497983694076538,1.0470960140228271
exp_07_tms_5_2_4layer_tied_rep1,4,tied,1,30000,linear2,0.6396918296813965,0.6387595534324646,0.3612404465675354,0.6396918296813965,"[0.6390777230262756, 0.6403059363365173]","[0.64260333776474, 0.6349157691001892]",0.0,0.0,0.0,0.0,0.6387595534324646,1.01395845413208,1.0373189449310303
exp_07_tms_5_2_4layer_tied_rep1,4,tied,1,30000,hidden_layers.0,0.8909291625022888,0.8883199691772461,0.1116800308227539,0.8909291625022888,"[0.8735225200653076, 0.90833580493927]","[0.7551218271255493, 1.0215181112289429]",0.0,0.0,0.0,0.0,0.8883199691772461,1.0149531364440918,1.0133434534072876
exp_07_tms_5_2_4layer_tied_rep1,4,tied,1,30000,hidden_layers.1,0.9806244373321533,1.0329464673995972,-0.03294646739959717,0.9806244373321533,"[0.9614006280899048, 0.9998482465744019]","[1.026767611503601, 1.0391253232955933]",1.0,0.0,0.0,0.0,1.0329464673995972,1.0376994609832764,1.0377213954925537
exp_07_tms_5_2_4layer_tied_rep1,4,tied,1,35000,linear1,0.9997609853744507,1.011670470237732,-0.011670470237731934,0.9997609853744507,"[0.998923659324646, 0.9999810457229614, 0.9999193549156189, 0.999984085559845, 0.999996542930603]","[0.9848970770835876, 1.0199586153030396, 1.0059653520584106, 1.0319433212280273, 1.0155882835388184]",1.0,0.0,0.0,0.0,1.011670470237732,1.0502173900604248,1.0465281009674072
exp_07_tms_5_2_4layer_tied_rep1,4,tied,1,35000,linear2,0.6399099826812744,0.6391056180000305,0.3608943819999695,0.6399099826812744,"[0.6378656625747681, 0.6419543027877808]","[0.6437516212463379, 0.6344596147537231]",0.0,0.0,0.0,0.0,0.6391056180000305,1.0137255191802979,1.0406345129013062
exp_07_tms_5_2_4layer_tied_rep1,4,tied,1,35000,hidden_layers.0,0.8911697864532471,0.8895763158798218,0.11042368412017822,0.8911697864532471,"[0.8738579154014587, 0.9084815979003906]","[0.7551373243331909, 1.0240153074264526]",0.0,0.0,0.0,0.0,0.8895763158798218,1.0169038772583008,1.0149245262145996
exp_07_tms_5_2_4layer_tied_rep1,4,tied,1,35000,hidden_layers.1,0.9807230234146118,1.0314209461212158,-0.03142094612121582,0.9807230234146118,"[0.9615806937217712, 0.9998652935028076]","[1.0285364389419556, 1.0343053340911865]",1.0,0.0,0.0,0.0,1.0314209461212158,1.0359387397766113,1.0355440378189087
exp_07_tms_5_2_4layer_tied_rep1,4,tied,1,40000,linear1,0.9997628927230835,1.0111119747161865,-0.011111974716186523,0.9997628927230835,"[0.9989274740219116, 0.9999820590019226, 0.9999232292175293, 0.9999819397926331, 0.9999998211860657]","[0.984616756439209, 1.019860029220581, 1.00609290599823, 1.032530426979065, 1.0124602317810059]",1.0,0.0,0.0,0.0,1.0111119747161865,1.0491145849227905,1.0457929372787476
exp_07_tms_5_2_4layer_tied_rep1,4,tied,1,40000,linear2,0.6395684480667114,0.638443112373352,0.36155688762664795,0.6395684480667114,"[0.6375743746757507, 0.6415625214576721]","[0.6421942710876465, 0.6346918940544128]",0.0,0.0,0.0,0.0,0.638443112373352,1.0130691528320312,1.0397372245788574
exp_07_tms_5_2_4layer_tied_rep1,4,tied,1,40000,hidden_layers.0,0.8908651471138,0.8889560699462891,0.11104393005371094,0.8908651471138,"[0.8732742071151733, 0.9084560871124268]","[0.7531402111053467, 1.0247719287872314]",0.0,0.0,0.0,0.0,0.8889560699462891,1.0164068937301636,1.0147711038589478
exp_07_tms_5_2_4layer_tied_rep1,4,tied,1,40000,hidden_layers.1,0.9807343482971191,1.0312626361846924,-0.03126263618469238,0.9807343482971191,"[0.9615898132324219, 0.9998789429664612]","[1.0285812616348267, 1.0339441299438477]",1.0,0.0,0.0,0.0,1.0312626361846924,1.0357468128204346,1.035585641860962
exp_07_tms_5_2_4layer_untied_rep1,4,untied,1,5000,linear1,0.9891115427017212,0.702276349067688,0.297723650932312,0.9858850240707397,"[0.9999502897262573, 0.9998071789741516, 0.9505518674850464, 0.9999951124191284, 0.9952531456947327]","[0.9943426847457886, 0.8024714589118958, 0.37286558747291565, 1.0188994407653809, 0.3228025436401367]",1.0,1.0,1.0,1.0,0.702276349067688,0.9363481402397156,1.3539884090423584
exp_07_tms_5_2_4layer_untied_rep1,4,untied,1,5000,linear2,0.7464133501052856,0.8280104398727417,0.1719895601272583,0.7362728118896484,"[0.6176625490188599, 0.8751640915870667]","[0.7852525115013123, 0.8707684278488159]",0.0,0.0,0.0,0.0,0.8280104398727417,0.9919439554214478,0.991826057434082
exp_07_tms_5_2_4layer_untied_rep1,4,untied,1,5000,hidden_layers.0,0.8898414373397827,0.4594743251800537,0.5405256748199463,0.8898414373397827,"[0.8428001403808594, 0.936882734298706]","[0.00197316100820899, 0.9169754981994629]",0.0,0.0,0.0,0.0,0.4594743251800537,0.4669504165649414,1.0822302103042603
exp_07_tms_5_2_4layer_untied_rep1,4,untied,1,5000,hidden_layers.1,0.91019606590271,0.32551926374435425,0.6744807362556458,0.91019606590271,"[0.8305222988128662, 0.9898697733879089]","[0.6505319476127625, 0.0005066029843874276]",0.0,0.0,0.0,0.0,0.32551926374435425,1.0072059631347656,1.0102863311767578
exp_07_tms_5_2_4layer_untied_rep1,4,untied,1,10000,linear1,0.8997527956962585,0.6702803373336792,0.3297196626663208,0.8471637964248657,"[0.9924776554107666, 0.9936147332191467, 0.8238601684570312, 0.9999982118606567, 0.6888135075569153]","[0.9597561955451965, 0.6981704831123352, 0.30270180106163025, 1.1904914379119873, 0.20028167963027954]",0.0,0.0,0.0,0.0,0.6702803373336792,0.9087685346603394,1.1052957773208618
exp_07_tms_5_2_4layer_untied_rep1,4,untied,1,10000,linear2,0.75168776512146,0.8235622644424438,0.17643773555755615,0.7390545606613159,"[0.6204575300216675, 0.8829180002212524]","[0.7835116982460022, 0.8636128902435303]",0.0,0.0,0.0,0.0,0.8235622644424438,1.047774076461792,1.0479540824890137
exp_07_tms_5_2_4layer_untied_rep1,4,untied,1,10000,hidden_layers.0,0.8670260906219482,0.9684778451919556,0.031522154808044434,0.8670260906219482,"[0.8135274052619934, 0.9205247163772583]","[1.01737380027771, 0.9195818305015564]",0.0,0.0,0.0,0.0,0.9684778451919556,1.0988779067993164,1.0965662002563477
exp_07_tms_5_2_4layer_untied_rep1,4,untied,1,10000,hidden_layers.1,0.831992506980896,0.5004394054412842,0.4995605945587158,0.831992506980896,"[0.8360859155654907, 0.8278990983963013]","[0.004456984344869852, 0.9964218139648438]",0.0,0.0,0.0,0.0,0.5004394054412842,1.0793471336364746,1.078829288482666
exp_07_tms_5_2_4layer_untied_rep1,4,untied,1,15000,linear1,0.9001256823539734,0.6321617364883423,0.3678382635116577,0.8141788244247437,"[0.9878394603729248, 0.9892964363098145, 0.7741660475730896, 0.9999988079071045, 0.7493276596069336]","[0.9668262600898743, 0.6816133856773376, 0.3002479076385498, 1.1971566677093506, 0.014964221976697445]",0.0,0.0,0.0,0.0,0.6321617364883423,0.8055484890937805,1.0054391622543335
exp_07_tms_5_2_4layer_untied_rep1,4,untied,1,15000,linear2,0.7516047954559326,0.8250898122787476,0.17491018772125244,0.7372099161148071,"[0.6215929388999939, 0.8816167116165161]","[0.7831474542617798, 0.8670322299003601]",0.0,0.0,0.0,0.0,0.8250898122787476,1.050443172454834,1.0492548942565918
exp_07_tms_5_2_4layer_untied_rep1,4,untied,1,15000,hidden_layers.0,0.8654294013977051,0.9727910757064819,0.027208924293518066,0.8654294013977051,"[0.812766969203949, 0.9180917739868164]","[1.0219529867172241, 0.923629105091095]",0.0,0.0,0.0,0.0,0.9727910757064819,1.0985146760940552,1.0929768085479736
exp_07_tms_5_2_4layer_untied_rep1,4,untied,1,15000,hidden_layers.1,0.8198714852333069,0.8213435411453247,0.1786564588546753,0.8092848062515259,"[0.810568630695343, 0.8291743397712708]","[0.647299587726593, 0.9953875541687012]",0.0,0.0,0.0,0.0,0.8213435411453247,1.0785255432128906,1.0746421813964844
exp_07_tms_5_2_4layer_untied_rep1,4,untied,1,20000,linear1,0.9027158617973328,0.627386212348938,0.372613787651062,0.8262933492660522,"[0.9874609708786011, 0.9889408946037292, 0.7683103084564209, 0.9999977350234985, 0.7688696384429932]","[0.9701797962188721, 0.6946670413017273, 0.14763599634170532, 1.2019466161727905, 0.12250174582004547]",0.0,0.0,0.0,0.0,0.627386212348938,0.7736398577690125,1.082136869430542
exp_07_tms_5_2_4layer_untied_rep1,4,untied,1,20000,linear2,0.7504674196243286,0.8293483257293701,0.17065167427062988,0.7365924715995789,"[0.6166137456893921, 0.8843211531639099]","[0.7864223122596741, 0.8722743988037109]",0.0,0.0,0.0,0.0,0.8293483257293701,1.0549429655075073,1.0546338558197021
exp_07_tms_5_2_4layer_untied_rep1,4,untied,1,20000,hidden_layers.0,0.8670310974121094,0.9828338623046875,0.0171661376953125,0.8670310974121094,"[0.8142347931861877, 0.9198273420333862]","[1.024336576461792, 0.9413310885429382]",0.0,0.0,0.0,0.0,0.9828338623046875,1.1102980375289917,1.106489896774292
exp_07_tms_5_2_4layer_untied_rep1,4,untied,1,20000,hidden_layers.1,0.8198447227478027,0.8231762647628784,0.17682373523712158,0.8088296055793762,"[0.809457004070282, 0.8302323818206787]","[0.6479185819625854, 0.9984339475631714]",0.0,0.0,0.0,0.0,0.8231762647628784,1.0802028179168701,1.076594352722168
exp_07_tms_5_2_4layer_untied_rep1,4,untied,1,25000,linear1,0.8811978101730347,0.6778208613395691,0.3221791386604309,0.7859464883804321,"[0.9873453378677368, 0.9888323545455933, 0.714600145816803, 0.9999999403953552, 0.7152114510536194]","[0.9807454943656921, 0.6796997785568237, 0.40043431520462036, 1.1971971988677979, 0.13102763891220093]",0.0,0.0,0.0,0.0,0.6778208613395691,0.8495941162109375,0.9378711581230164
exp_07_tms_5_2_4layer_untied_rep1,4,untied,1,25000,linear2,0.7493441104888916,0.8266009092330933,0.17339909076690674,0.736110270023346,"[0.6176490783691406, 0.8810392022132874]","[0.7850267291069031, 0.8681750893592834]",0.0,0.0,0.0,0.0,0.8266009092330933,1.05483078956604,1.0542006492614746
exp_07_tms_5_2_4layer_untied_rep1,4,untied,1,25000,hidden_layers.0,0.8670368194580078,0.9833420515060425,0.01665794849395752,0.8670368194580078,"[0.81505286693573, 0.9190207719802856]","[1.024564266204834, 0.9421198964118958]",0.0,0.0,0.0,0.0,0.9833420515060425,1.1106107234954834,1.10787034034729
exp_07_tms_5_2_4layer_untied_rep1,4,untied,1,25000,hidden_layers.1,0.8198480606079102,0.8264452219009399,0.17355477809906006,0.8095971345901489,"[0.8095899820327759, 0.8301061987876892]","[0.6517930030822754, 1.0010974407196045]",0.0,0.0,0.0,0.0,0.8264452219009399,1.0814924240112305,1.0782880783081055
exp_07_tms_5_2_4layer_untied_rep1,4,untied,1,30000,linear1,0.8737378120422363,0.6683083176612854,0.3316916823387146,0.780134379863739,"[0.9873533248901367, 0.988839864730835, 0.6959378123283386, 0.9999926090240479, 0.6965653896331787]","[0.983924925327301, 0.685690701007843, 0.17755527794361115, 1.1996471881866455, 0.2947234511375427]",0.0,0.0,0.0,0.0,0.6683083176612854,0.8325093984603882,0.9770597219467163
exp_07_tms_5_2_4layer_untied_rep1,4,untied,1,30000,linear2,0.7510701417922974,0.8251378536224365,0.17486214637756348,0.735886812210083,"[0.6202653646469116, 0.8818749189376831]","[0.7839249968528748, 0.8663507699966431]",0.0,0.0,0.0,0.0,0.8251378536224365,1.0540783405303955,1.0541454553604126
exp_07_tms_5_2_4layer_untied_rep1,4,untied,1,30000,hidden_layers.0,0.8664443492889404,0.983723521232605,0.01627647876739502,0.8664443492889404,"[0.8135790228843689, 0.9193096160888672]","[1.0233923196792603, 0.9440546631813049]",0.0,0.0,0.0,0.0,0.983723521232605,1.111400842666626,1.108437180519104
exp_07_tms_5_2_4layer_untied_rep1,4,untied,1,30000,hidden_layers.1,0.8198668360710144,0.8265142440795898,0.17348575592041016,0.8084663152694702,"[0.8103665113449097, 0.8293671607971191]","[0.6511300206184387, 1.0018984079360962]",0.0,0.0,0.0,0.0,0.8265142440795898,1.0810344219207764,1.077714443206787
exp_07_tms_5_2_4layer_untied_rep1,4,untied,1,35000,linear1,0.8808811902999878,0.6381568908691406,0.3618431091308594,0.7796282768249512,"[0.9871752858161926, 0.9886724948883057, 0.7139751315116882, 0.9999960660934448, 0.7145870327949524]","[0.9774187803268433, 0.6901097297668457, 0.17279314994812012, 1.2004557847976685, 0.1500069797039032]",0.0,0.0,0.0,0.0,0.6381568908691406,0.7721604108810425,0.917802631855011
exp_07_tms_5_2_4layer_untied_rep1,4,untied,1,35000,linear2,0.7511324286460876,0.829309344291687,0.170690655708313,0.735552966594696,"[0.6195935010910034, 0.8826713562011719]","[0.7874938249588013, 0.871124804019928]",0.0,0.0,0.0,0.0,0.829309344291687,1.0552241802215576,1.0553213357925415
exp_07_tms_5_2_4layer_untied_rep1,4,untied,1,35000,hidden_layers.0,0.8676941394805908,0.9823580980300903,0.017641901969909668,0.8676941394805908,"[0.8158400058746338, 0.9195482134819031]","[1.0245976448059082, 0.9401186108589172]",0.0,0.0,0.0,0.0,0.9823580980300903,1.110485315322876,1.107100248336792
exp_07_tms_5_2_4layer_untied_rep1,4,untied,1,35000,hidden_layers.1,0.8198628425598145,0.822731614112854,0.177268385887146,0.8091869354248047,"[0.8101953268051147, 0.8295303583145142]","[0.6481306552886963, 0.9973325133323669]",0.0,0.0,0.0,0.0,0.822731614112854,1.078730583190918,1.0748398303985596
exp_07_tms_5_2_4layer_untied_rep1,4,untied,1,40000,linear1,0.8721060752868652,0.6366263628005981,0.36337363719940186,0.774722158908844,"[0.9871789813041687, 0.9886758923530579, 0.6920232176780701, 0.9999980926513672, 0.6926540732383728]","[0.9771442413330078, 0.6888424754142761, 0.17115043103694916, 1.1980582475662231, 0.1479361355304718]",0.0,0.0,0.0,0.0,0.6366263628005981,0.7855145335197449,0.9689714312553406
exp_07_tms_5_2_4layer_untied_rep1,4,untied,1,40000,linear2,0.7509430646896362,0.8292236328125,0.1707763671875,0.7351844310760498,"[0.6198528409004211, 0.8820332884788513]","[0.7872828245162964, 0.8711645007133484]",0.0,0.0,0.0,0.0,0.8292236328125,1.0556819438934326,1.0558300018310547
exp_07_tms_5_2_4layer_untied_rep1,4,untied,1,40000,hidden_layers.0,0.8673980236053467,0.9824022054672241,0.01759779453277588,0.8673980236053467,"[0.8152384757995605, 0.9195576310157776]","[1.0243420600891113, 0.9404623508453369]",0.0,0.0,0.0,0.0,0.9824022054672241,1.1100939512252808,1.1064863204956055
exp_07_tms_5_2_4layer_untied_rep1,4,untied,1,40000,hidden_layers.1,0.8198586106300354,0.8232377767562866,0.17676222324371338,0.8092278838157654,"[0.8100192546844482, 0.8296979665756226]","[0.6486995220184326, 0.9977759718894958]",0.0,0.0,0.0,0.0,0.8232377767562866,1.078977346420288,1.075182318687439
exp_07_tms_5_2_5layer_tied_rep1,5,tied,1,5000,linear1,0.9990458488464355,0.653124213218689,0.34687578678131104,0.9990458488464355,"[0.9999980926513672, 0.9990671873092651, 0.9962584972381592, 0.9999975562095642, 0.9999080300331116]","[0.9980594515800476, 0.003896256908774376, 0.005104428622871637, 1.1094237565994263, 1.1491371393203735]",1.0,1.0,1.0,1.0,0.653124213218689,0.85321444272995,1.0830509662628174
exp_07_tms_5_2_5layer_tied_rep1,5,tied,1,5000,linear2,0.7428666353225708,0.004335850477218628,0.9956641495227814,0.7428666353225708,"[0.8203713893890381, 0.6653618812561035]","[0.005483594723045826, 0.0031881064642220736]",0.0,0.0,0.0,0.0,0.004335850477218628,0.2790812849998474,0.918819785118103
exp_07_tms_5_2_5layer_tied_rep1,5,tied,1,5000,hidden_layers.0,0.9717775583267212,0.001088508521206677,0.9989114914787933,0.9717775583267212,"[0.9601741433143616, 0.9833809733390808]","[0.00035097854561172426, 0.001826038584113121]",1.0,1.0,1.0,1.0,0.001088508521206677,0.393524706363678,0.8535553812980652
exp_07_tms_5_2_5layer_tied_rep1,5,tied,1,5000,hidden_layers.1,0.9494064450263977,0.4876899719238281,0.5123100280761719,0.9494064450263977,"[0.9012311697006226, 0.9975817203521729]","[0.9728087782859802, 0.002571150427684188]",0.0,0.0,0.0,0.0,0.4876899719238281,0.4886772334575653,0.48984307050704956
exp_07_tms_5_2_5layer_tied_rep1,5,tied,1,5000,hidden_layers.2,0.9906048774719238,0.0010483106598258018,0.9989516893401742,0.9906048774719238,"[0.9899885058403015, 0.9912212491035461]","[0.0008214344270527363, 0.0012751868925988674]",1.0,1.0,1.0,1.0,0.0010483106598258018,0.42861032485961914,1.0151071548461914
exp_07_tms_5_2_5layer_tied_rep1,5,tied,1,10000,linear1,0.9961358308792114,0.6520535349845886,0.3479464650154114,0.9961358308792114,"[0.9999997615814209, 0.9811491966247559, 0.9996042251586914, 0.9999760985374451, 0.99994957447052]","[0.9999228119850159, 0.001681320951320231, 0.0009184686350636184, 1.1055971384048462, 1.1521482467651367]",1.0,1.0,1.0,1.0,0.6520535349845886,0.8839988708496094,0.8870779871940613
exp_07_tms_5_2_5layer_tied_rep1,5,tied,1,10000,linear2,0.6982073783874512,0.003931034356355667,0.9960689656436443,0.6982073783874512,"[0.7293415069580078, 0.6670732498168945]","[0.0026938028167933226, 0.005168266128748655]",0.0,0.0,0.0,0.0,0.003931034356355667,0.6683290004730225,0.9151136875152588
exp_07_tms_5_2_5layer_tied_rep1,5,tied,1,10000,hidden_layers.0,0.9957213401794434,0.0011785740498453379,0.9988214259501547,0.9957213401794434,"[0.9989610910415649, 0.9924815893173218]","[0.0012475127587094903, 0.0011096354573965073]",1.0,1.0,1.0,1.0,0.0011785740498453379,0.5068150758743286,0.5076591372489929
exp_07_tms_5_2_5layer_tied_rep1,5,tied,1,10000,hidden_layers.1,0.9237164258956909,0.43319085240364075,0.5668091475963593,0.9237164258956909,"[0.9363994598388672, 0.9110333323478699]","[1.0058627594844438e-05, 0.8663716316223145]",0.0,0.0,0.0,0.0,0.43319085240364075,0.943213701248169,0.943383514881134
exp_07_tms_5_2_5layer_tied_rep1,5,tied,1,10000,hidden_layers.2,0.9676313996315002,0.43172553181648254,0.5682744681835175,0.9676313996315002,"[0.9353880882263184, 0.9998747110366821]","[0.8615366220474243, 0.0019144648686051369]",1.0,1.0,1.0,1.0,0.43172553181648254,1.0217593908309937,1.0221076011657715
exp_07_tms_5_2_5layer_tied_rep1,5,tied,1,15000,linear1,0.9938547015190125,0.6484811902046204,0.35151880979537964,0.9938547015190125,"[0.9999984502792358, 0.9722155928611755, 0.9978446364402771, 0.9992815256118774, 0.999933123588562]","[0.9902856945991516, 0.00031521738856099546, 0.0005149720818735659, 1.100246787071228, 1.1510432958602905]",1.0,1.0,1.0,1.0,0.6484811902046204,0.8955246210098267,0.8987215161323547
exp_07_tms_5_2_5layer_tied_rep1,5,tied,1,15000,linear2,0.6371045708656311,0.4004192650318146,0.5995807349681854,0.6371045708656311,"[0.6726473569869995, 0.6015617847442627]","[0.0007670557824894786, 0.8000714778900146]",0.0,0.0,0.0,0.0,0.4004192650318146,0.916947603225708,0.9218267202377319
exp_07_tms_5_2_5layer_tied_rep1,5,tied,1,15000,hidden_layers.0,0.9102663993835449,0.00040266034193336964,0.9995973396580666,0.9102663993835449,"[0.9067376852035522, 0.9137951731681824]","[0.000231123500270769, 0.0005741972126998007]",0.0,0.0,0.0,0.0,0.00040266034193336964,0.38390907645225525,0.5072673559188843
exp_07_tms_5_2_5layer_tied_rep1,5,tied,1,15000,hidden_layers.1,0.8637053370475769,0.8860942125320435,0.11390578746795654,0.8637053370475769,"[0.8481464385986328, 0.879264235496521]","[0.9268129467964172, 0.8453755378723145]",0.0,0.0,0.0,0.0,0.8860942125320435,1.022661566734314,1.022716760635376
exp_07_tms_5_2_5layer_tied_rep1,5,tied,1,15000,hidden_layers.2,0.9510018229484558,0.43669405579566956,0.5633059442043304,0.9510018229484558,"[0.930453896522522, 0.9715497493743896]","[0.8718883991241455, 0.0014997306279838085]",1.0,1.0,1.0,1.0,0.43669405579566956,1.0188889503479004,1.019152283668518
exp_07_tms_5_2_5layer_tied_rep1,5,tied,1,20000,linear1,0.9851593971252441,0.8937455415725708,0.1062544584274292,0.9851593971252441,"[0.9999955296516418, 0.9266555309295654, 0.9998237490653992, 0.9993582963943481, 0.9999639391899109]","[0.9899441003799438, 1.229151964187622, 0.0005536069511435926, 1.105737328529358, 1.1433404684066772]",1.0,1.0,1.0,0.0,0.8937455415725708,0.8972503542900085,0.9017146825790405
exp_07_tms_5_2_5layer_tied_rep1,5,tied,1,20000,linear2,0.6070160269737244,0.6699404716491699,0.3300595283508301,0.6070160269737244,"[0.6093972325325012, 0.6046348214149475]","[0.5357919931411743, 0.8040889501571655]",0.0,0.0,0.0,0.0,0.6699404716491699,0.921014666557312,0.9271209836006165
exp_07_tms_5_2_5layer_tied_rep1,5,tied,1,20000,hidden_layers.0,0.9429953694343567,8.802624506643042e-05,0.9999119737549336,0.9429953694343567,"[0.993871808052063, 0.8921189308166504]","[0.00011456127685960382, 6.149121327325702e-05]",0.0,0.0,0.0,0.0,8.802624506643042e-05,0.3810659348964691,0.8583768010139465
exp_07_tms_5_2_5layer_tied_rep1,5,tied,1,20000,hidden_layers.1,0.8626911044120789,0.8832114934921265,0.11678850650787354,0.8626911044120789,"[0.8499541282653809, 0.8754280805587769]","[0.9231973886489868, 0.8432255387306213]",0.0,0.0,0.0,0.0,0.8832114934921265,1.0231720209121704,1.0231714248657227
exp_07_tms_5_2_5layer_tied_rep1,5,tied,1,20000,hidden_layers.2,0.9263617396354675,0.9360580444335938,0.06394195556640625,0.9263617396354675,"[0.9281786680221558, 0.9245448112487793]","[0.8645088076591492, 1.007607340812683]",0.0,0.0,0.0,0.0,0.9360580444335938,1.0178861618041992,1.0177245140075684
exp_07_tms_5_2_5layer_tied_rep1,5,tied,1,25000,linear1,0.9911271333694458,0.6473512649536133,0.3526487350463867,0.9911271333694458,"[0.9999979138374329, 0.9563524127006531, 0.9999817609786987, 0.9993564486503601, 0.9999469518661499]","[0.9928144216537476, 0.0005819071084260941, 0.0006409568013623357, 1.1023145914077759, 1.1404043436050415]",1.0,1.0,1.0,1.0,0.6473512649536133,0.8962689638137817,0.9015423655509949
exp_07_tms_5_2_5layer_tied_rep1,5,tied,1,25000,linear2,0.6541552543640137,0.4015122652053833,0.5984877347946167,0.6541552543640137,"[0.7051241397857666, 0.603186309337616]","[0.0003071093815378845, 0.8027174472808838]",0.0,0.0,0.0,0.0,0.4015122652053833,0.9185647964477539,0.9273437261581421
exp_07_tms_5_2_5layer_tied_rep1,5,tied,1,25000,hidden_layers.0,0.9266238212585449,0.00022899493342265487,0.9997710050665773,0.9266238212585449,"[0.8826476335525513, 0.9705999493598938]","[0.00011718708265107125, 0.00034080276964232326]",0.0,0.0,0.0,0.0,0.00022899493342265487,0.3824124038219452,0.5069156289100647
exp_07_tms_5_2_5layer_tied_rep1,5,tied,1,25000,hidden_layers.1,0.8590223789215088,0.8821264505386353,0.11787354946136475,0.8590223789215088,"[0.8468889594078064, 0.8711557984352112]","[0.9208794236183167, 0.8433735370635986]",0.0,0.0,0.0,0.0,0.8821264505386353,1.0241153240203857,1.02396821975708
exp_07_tms_5_2_5layer_tied_rep1,5,tied,1,25000,hidden_layers.2,0.9263508319854736,0.9365900754928589,0.06340992450714111,0.9263508319854736,"[0.9285939931869507, 0.9241076707839966]","[0.8675770163536072, 1.0056031942367554]",0.0,0.0,0.0,0.0,0.9365900754928589,1.017944097518921,1.0173211097717285
exp_07_tms_5_2_5layer_tied_rep1,5,tied,1,30000,linear1,0.9851382970809937,0.8921884298324585,0.1078115701675415,0.9851382970809937,"[0.9999983906745911, 0.9263871312141418, 0.9999886155128479, 0.999386727809906, 0.9999307990074158]","[0.9928483366966248, 1.2229820489883423, 0.00039727071998640895, 1.1013327836990356, 1.143381953239441]",1.0,1.0,1.0,0.0,0.8921884298324585,0.8962824940681458,0.8999524116516113
exp_07_tms_5_2_5layer_tied_rep1,5,tied,1,30000,linear2,0.6089993715286255,0.6687427163124084,0.33125728368759155,0.6089993715286255,"[0.6109695434570312, 0.607029139995575]","[0.5382564663887024, 0.7992289662361145]",0.0,0.0,0.0,0.0,0.6687427163124084,0.9230149984359741,0.9483823180198669
exp_07_tms_5_2_5layer_tied_rep1,5,tied,1,30000,hidden_layers.0,0.8804298639297485,0.00029897832428105175,0.999701021675719,0.8804298639297485,"[0.8166347742080688, 0.9442249536514282]","[0.00026689469814300537, 0.00033106195041909814]",0.0,0.0,0.0,0.0,0.00029897832428105175,0.3822447955608368,0.5068110227584839
exp_07_tms_5_2_5layer_tied_rep1,5,tied,1,30000,hidden_layers.1,0.8587391376495361,0.8810491561889648,0.11895084381103516,0.8587391376495361,"[0.8461962342262268, 0.8712821006774902]","[0.918830931186676, 0.8432673215866089]",0.0,0.0,0.0,0.0,0.8810491561889648,1.0248167514801025,1.0247924327850342
exp_07_tms_5_2_5layer_tied_rep1,5,tied,1,30000,hidden_layers.2,0.9264047145843506,0.9364521503448486,0.06354784965515137,0.9264047145843506,"[0.9276900291442871, 0.9251193404197693]","[0.8652432560920715, 1.007660984992981]",0.0,0.0,0.0,0.0,0.9364521503448486,1.0172039270401,1.0169110298156738
exp_07_tms_5_2_5layer_tied_rep1,5,tied,1,35000,linear1,0.9848488569259644,0.8917926549911499,0.1082073450088501,0.9848488569259644,"[0.999998152256012, 0.9250028133392334, 0.9999654293060303, 0.9993233680725098, 0.9999545812606812]","[0.9910777807235718, 1.2227020263671875, 0.00036993538378737867, 1.1058790683746338, 1.1389342546463013]",1.0,1.0,1.0,0.0,0.8917926549911499,0.8961700201034546,0.9002960920333862
exp_07_tms_5_2_5layer_tied_rep1,5,tied,1,35000,linear2,0.6087941527366638,0.6679899096488953,0.33201009035110474,0.6087941527366638,"[0.6101700067520142, 0.6074182987213135]","[0.5372194647789001, 0.7987603545188904]",0.0,0.0,0.0,0.0,0.6679899096488953,0.9223290681838989,0.929412305355072
exp_07_tms_5_2_5layer_tied_rep1,5,tied,1,35000,hidden_layers.0,0.8442532420158386,0.00038232142105698586,0.999617678578943,0.8442532420158386,"[0.755521833896637, 0.9329846501350403]","[0.00047699271817691624, 0.0002876501530408859]",0.0,0.0,0.0,0.0,0.00038232142105698586,0.5042888522148132,0.5061508417129517
exp_07_tms_5_2_5layer_tied_rep1,5,tied,1,35000,hidden_layers.1,0.8563835620880127,0.8809157609939575,0.11908423900604248,0.8563835620880127,"[0.8440569639205933, 0.8687101602554321]","[0.9209242463111877, 0.8409073352813721]",0.0,0.0,0.0,0.0,0.8809157609939575,1.0249711275100708,1.0248693227767944
exp_07_tms_5_2_5layer_tied_rep1,5,tied,1,35000,hidden_layers.2,0.9275068044662476,0.9342511296272278,0.06574887037277222,0.9275068044662476,"[0.928858757019043, 0.9261548519134521]","[0.8682537078857422, 1.0002485513687134]",0.0,0.0,0.0,0.0,0.9342511296272278,1.0148406028747559,1.0150548219680786
exp_07_tms_5_2_5layer_tied_rep1,5,tied,1,40000,linear1,0.9846409559249878,0.8909702301025391,0.10902976989746094,0.9846409559249878,"[0.9999979734420776, 0.923969030380249, 0.9999872446060181, 0.9992970824241638, 0.9999533891677856]","[0.9890256524085999, 1.2236394882202148, 0.00010209128231508657, 1.1012306213378906, 1.1408530473709106]",1.0,1.0,1.0,0.0,0.8909702301025391,0.8955817222595215,0.8999031186103821
exp_07_tms_5_2_5layer_tied_rep1,5,tied,1,40000,linear2,0.6098382472991943,0.6669684648513794,0.3330315351486206,0.6098382472991943,"[0.6114941835403442, 0.6081823706626892]","[0.5365035533905029, 0.7974334359169006]",0.0,0.0,0.0,0.0,0.6669684648513794,0.9211368560791016,0.928661048412323
exp_07_tms_5_2_5layer_tied_rep1,5,tied,1,40000,hidden_layers.0,0.8460873365402222,0.0004206871963106096,0.9995793128036894,0.8460873365402222,"[0.7642502188682556, 0.9279245138168335]","[0.0005520309787243605, 0.00028934344300068915]",0.0,0.0,0.0,0.0,0.0004206871963106096,0.5032434463500977,0.5051943063735962
exp_07_tms_5_2_5layer_tied_rep1,5,tied,1,40000,hidden_layers.1,0.8562943339347839,0.8812525272369385,0.11874747276306152,0.8562943339347839,"[0.8440930843353271, 0.8684955835342407]","[0.9209483861923218, 0.8415566086769104]",0.0,0.0,0.0,0.0,0.8812525272369385,1.0260162353515625,1.025922417640686
exp_07_tms_5_2_5layer_tied_rep1,5,tied,1,40000,hidden_layers.2,0.9276260137557983,0.9352474212646484,0.06475257873535156,0.9276260137557983,"[0.9291355609893799, 0.9261164665222168]","[0.869584858417511, 1.0009100437164307]",0.0,0.0,0.0,0.0,0.9352474212646484,1.0161428451538086,1.0165408849716187
exp_07_tms_5_2_5layer_untied_rep1,5,untied,1,5000,linear1,0.9979152679443359,1.2653340101242065,-0.26533401012420654,0.9976299405097961,"[0.9999932050704956, 0.9998745918273926, 0.9936126470565796, 0.9999808073043823, 0.9961149096488953]","[0.9977916479110718, 0.9946857690811157, 4.125612258911133, 0.01970619522035122, 0.18887411057949066]",1.0,0.0,0.0,0.0,1.2653340101242065,1.7287925481796265,2.182704210281372
exp_07_tms_5_2_5layer_untied_rep1,5,untied,1,5000,linear2,0.7575060129165649,0.7873989343643188,0.21260106563568115,0.7364400625228882,"[0.8326677680015564, 0.6823442578315735]","[0.8078322410583496, 0.7669656872749329]",0.0,0.0,0.0,0.0,0.7873989343643188,1.027585506439209,1.0295099020004272
exp_07_tms_5_2_5layer_untied_rep1,5,untied,1,5000,hidden_layers.0,0.9682303667068481,0.0007019082549959421,0.9992980917450041,0.9682303667068481,"[0.985288143157959, 0.9511725306510925]","[0.0006746258586645126, 0.0007291906513273716]",1.0,1.0,1.0,1.0,0.0007019082549959421,0.9840345978736877,1.0085922479629517
exp_07_tms_5_2_5layer_untied_rep1,5,untied,1,5000,hidden_layers.1,0.9451760053634644,0.0006455940892919898,0.999354405910708,0.9451760053634644,"[0.9108565449714661, 0.9794954061508179]","[0.000640604121144861, 0.0006505839992314577]",0.0,0.0,0.0,0.0,0.0006455940892919898,0.8781095743179321,1.0403943061828613
exp_07_tms_5_2_5layer_untied_rep1,5,untied,1,5000,hidden_layers.2,0.8608084917068481,0.3691016733646393,0.6308983266353607,0.8608084917068481,"[0.7577273845672607, 0.9638895392417908]","[0.7369768023490906, 0.0012265406548976898]",0.0,0.0,0.0,0.0,0.3691016733646393,0.9816713333129883,0.9819153547286987
exp_07_tms_5_2_5layer_untied_rep1,5,untied,1,10000,linear1,0.9882606267929077,1.1711490154266357,-0.17114901542663574,0.8310707807540894,"[0.9999994039535522, 0.9998191595077515, 0.9609736204147339, 0.9999954700469971, 0.9805159568786621]","[1.1581964492797852, 1.0894739627838135, 3.5751700401306152, 0.012708784081041813, 0.020196272060275078]",1.0,0.0,0.0,0.0,1.1711490154266357,1.581872582435608,1.8165490627288818
exp_07_tms_5_2_5layer_untied_rep1,5,untied,1,10000,linear2,0.7576066255569458,0.7907103300094604,0.20928966999053955,0.7332155704498291,"[0.8326619863510132, 0.6825513243675232]","[0.810000479221344, 0.7714201807975769]",0.0,0.0,0.0,0.0,0.7907103300094604,1.098214864730835,1.0938894748687744
exp_07_tms_5_2_5layer_untied_rep1,5,untied,1,10000,hidden_layers.0,0.8371263742446899,0.48490890860557556,0.5150910913944244,0.8371263742446899,"[0.8335461616516113, 0.8407065272331238]","[0.9693852663040161, 0.0004325690970290452]",0.0,0.0,0.0,0.0,0.48490890860557556,0.8684418201446533,1.0780799388885498
exp_07_tms_5_2_5layer_untied_rep1,5,untied,1,10000,hidden_layers.1,0.8628268241882324,0.942914605140686,0.057085394859313965,0.8628268241882324,"[0.8780332803726196, 0.8476203680038452]","[0.8068869709968567, 1.0789422988891602]",0.0,0.0,0.0,0.0,0.942914605140686,1.077669620513916,1.076099157333374
exp_07_tms_5_2_5layer_untied_rep1,5,untied,1,10000,hidden_layers.2,0.84467613697052,0.9129259586334229,0.08707404136657715,0.84467613697052,"[0.7594737410545349, 0.9298784732818604]","[0.8234992623329163, 1.0023527145385742]",0.0,0.0,0.0,0.0,0.9129259586334229,1.0864983797073364,1.0858416557312012
exp_07_tms_5_2_5layer_untied_rep1,5,untied,1,15000,linear1,0.98310387134552,1.3627392053604126,-0.3627392053604126,0.8645087480545044,"[0.9999988079071045, 0.9996404647827148, 0.9618277549743652, 0.9999884963035583, 0.954063892364502]","[1.1540201902389526, 1.042219877243042, 2.736546516418457, 0.0066509242169559, 1.8742581605911255]",1.0,0.0,0.0,0.0,1.3627392053604126,1.7909237146377563,2.01362681388855
exp_07_tms_5_2_5layer_untied_rep1,5,untied,1,15000,linear2,0.7555804252624512,0.769237220287323,0.230762779712677,0.7284531593322754,"[0.8307636380195618, 0.6803972721099854]","[0.7912726402282715, 0.7472018003463745]",0.0,0.0,0.0,0.0,0.769237220287323,1.0744818449020386,1.06930673122406
exp_07_tms_5_2_5layer_untied_rep1,5,untied,1,15000,hidden_layers.0,0.8132957220077515,0.8652249574661255,0.1347750425338745,0.7958717346191406,"[0.8285778760910034, 0.7980136275291443]","[1.018728494644165, 0.7117213606834412]",0.0,0.0,0.0,0.0,0.8652249574661255,1.105218768119812,1.1062655448913574
exp_07_tms_5_2_5layer_untied_rep1,5,untied,1,15000,hidden_layers.1,0.861348032951355,0.9700480699539185,0.029951930046081543,0.861348032951355,"[0.8783941864967346, 0.8443018198013306]","[0.8064646124839783, 1.1336315870285034]",0.0,0.0,0.0,0.0,0.9700480699539185,1.1079741716384888,1.107569932937622
exp_07_tms_5_2_5layer_untied_rep1,5,untied,1,15000,hidden_layers.2,0.8457642793655396,0.9301974177360535,0.06980258226394653,0.8457642793655396,"[0.7599009275436401, 0.9316276907920837]","[0.8507169485092163, 1.0096778869628906]",0.0,0.0,0.0,0.0,0.9301974177360535,1.1026561260223389,1.102295160293579
exp_07_tms_5_2_5layer_untied_rep1,5,untied,1,20000,linear1,0.9828737378120422,0.8264470100402832,0.1735529899597168,0.8421791195869446,"[0.9999977350234985, 0.9997106194496155, 0.9612407684326172, 0.9999979734420776, 0.9534213542938232]","[1.1506160497665405, 1.0941506624221802, 0.3095470368862152, 0.010041199624538422, 1.5678801536560059]",1.0,1.0,1.0,0.0,0.8264470100402832,1.3467353582382202,1.673495888710022
exp_07_tms_5_2_5layer_untied_rep1,5,untied,1,20000,linear2,0.7567870616912842,0.7881094217300415,0.2118905782699585,0.7291064262390137,"[0.8330518007278442, 0.6805222630500793]","[0.8095344305038452, 0.7666844725608826]",0.0,0.0,0.0,0.0,0.7881094217300415,1.1075544357299805,1.1072289943695068
exp_07_tms_5_2_5layer_untied_rep1,5,untied,1,20000,hidden_layers.0,0.8133254051208496,0.8776159286499023,0.12238407135009766,0.79483962059021,"[0.8277783989906311, 0.7988724708557129]","[1.0334372520446777, 0.7217946648597717]",0.0,0.0,0.0,0.0,0.8776159286499023,1.114281177520752,1.114976406097412
exp_07_tms_5_2_5layer_untied_rep1,5,untied,1,20000,hidden_layers.1,0.8629515171051025,0.9993920922279358,0.000607907772064209,0.8629515171051025,"[0.8791444301605225, 0.8467585444450378]","[0.8027026653289795, 1.196081519126892]",0.0,0.0,0.0,0.0,0.9993920922279358,1.147445559501648,1.1458646059036255
exp_07_tms_5_2_5layer_untied_rep1,5,untied,1,20000,hidden_layers.2,0.8453094959259033,0.9329837560653687,0.06701624393463135,0.8453094959259033,"[0.7600602507591248, 0.9305586814880371]","[0.8522655367851257, 1.0137019157409668]",0.0,0.0,0.0,0.0,0.9329837560653687,1.1060621738433838,1.1053462028503418
exp_07_tms_5_2_5layer_untied_rep1,5,untied,1,25000,linear1,0.9831641316413879,0.6917375326156616,0.3082624673843384,0.8434895277023315,"[0.999995231628418, 0.9998713731765747, 0.9618662595748901, 0.9999820590019226, 0.9541059732437134]","[1.1578963994979858, 1.085626244544983, 0.7305024862289429, 0.008724573999643326, 0.4759378433227539]",1.0,1.0,1.0,1.0,0.6917375326156616,1.1264194250106812,1.304215431213379
exp_07_tms_5_2_5layer_untied_rep1,5,untied,1,25000,linear2,0.7565486431121826,0.7894827723503113,0.21051722764968872,0.7293097376823425,"[0.8329140543937683, 0.6801832318305969]","[0.8099241256713867, 0.7690414190292358]",0.0,0.0,0.0,0.0,0.7894827723503113,1.1152329444885254,1.0998587608337402
exp_07_tms_5_2_5layer_untied_rep1,5,untied,1,25000,hidden_layers.0,0.8133394718170166,0.8780519962310791,0.1219480037689209,0.7944523096084595,"[0.8273829817771912, 0.7992960214614868]","[1.0340067148208618, 0.7220972776412964]",0.0,0.0,0.0,0.0,0.8780519962310791,1.1152455806732178,1.1162892580032349
exp_07_tms_5_2_5layer_untied_rep1,5,untied,1,25000,hidden_layers.1,0.8608009815216064,1.0101299285888672,-0.010129928588867188,0.8608009815216064,"[0.8790960907936096, 0.842505931854248]","[0.8035308122634888, 1.2167290449142456]",0.0,0.0,0.0,0.0,1.0101299285888672,1.1571340560913086,1.1546801328659058
exp_07_tms_5_2_5layer_untied_rep1,5,untied,1,25000,hidden_layers.2,0.8458069562911987,0.9337208271026611,0.06627917289733887,0.8458069562911987,"[0.7603620886802673, 0.9312517642974854]","[0.851429283618927, 1.0160123109817505]",0.0,0.0,0.0,0.0,0.9337208271026611,1.106778621673584,1.1058928966522217
exp_07_tms_5_2_5layer_untied_rep1,5,untied,1,30000,linear1,0.9830961227416992,1.0724647045135498,-0.0724647045135498,0.8419885635375977,"[0.9999984502792358, 0.9997984170913696, 0.9617295861244202, 0.9999979734420776, 0.9539563059806824]","[1.150683045387268, 1.0927091836929321, 1.8163803815841675, 0.01075321901589632, 1.2917975187301636]",1.0,0.0,0.0,0.0,1.0724647045135498,1.5087380409240723,1.6272131204605103
exp_07_tms_5_2_5layer_untied_rep1,5,untied,1,30000,linear2,0.7567670941352844,0.7896010875701904,0.21039891242980957,0.727948784828186,"[0.8323391079902649, 0.681195080280304]","[0.8100478053092957, 0.76915442943573]",0.0,0.0,0.0,0.0,0.7896010875701904,1.1096282005310059,1.100696325302124
exp_07_tms_5_2_5layer_untied_rep1,5,untied,1,30000,hidden_layers.0,0.8133082389831543,0.8753653764724731,0.12463462352752686,0.7958806157112122,"[0.8282492756843567, 0.7983671426773071]","[1.0303958654403687, 0.7203348875045776]",0.0,0.0,0.0,0.0,0.8753653764724731,1.1125887632369995,1.1134636402130127
exp_07_tms_5_2_5layer_untied_rep1,5,untied,1,30000,hidden_layers.1,0.8611150979995728,1.0088037252426147,-0.008803725242614746,0.8611150979995728,"[0.8794097900390625, 0.842820405960083]","[0.7956292629241943, 1.2219781875610352]",0.0,0.0,0.0,0.0,1.0088037252426147,1.157151222229004,1.1547439098358154
exp_07_tms_5_2_5layer_untied_rep1,5,untied,1,30000,hidden_layers.2,0.8460098505020142,0.9319390654563904,0.06806093454360962,0.8460098505020142,"[0.7610929608345032, 0.9309266805648804]","[0.8493521213531494, 1.0145260095596313]",0.0,0.0,0.0,0.0,0.9319390654563904,1.1050140857696533,1.1039495468139648
exp_07_tms_5_2_5layer_untied_rep1,5,untied,1,35000,linear1,0.9829837679862976,1.084377408027649,-0.08437740802764893,0.8293606042861938,"[0.9999966621398926, 0.9998390674591064, 0.9614459276199341, 0.9999916553497314, 0.9536458849906921]","[1.1526504755020142, 1.090460181236267, 2.0026676654815674, 0.00984816811978817, 1.1662601232528687]",1.0,0.0,0.0,0.0,1.084377408027649,1.3884048461914062,1.5194984674453735
exp_07_tms_5_2_5layer_untied_rep1,5,untied,1,35000,linear2,0.7569773197174072,0.7909044623374939,0.2090955376625061,0.7272692322731018,"[0.8319103717803955, 0.6820442080497742]","[0.8114481568336487, 0.7703607678413391]",0.0,0.0,0.0,0.0,0.7909044623374939,1.112436294555664,1.1043269634246826
exp_07_tms_5_2_5layer_untied_rep1,5,untied,1,35000,hidden_layers.0,0.8133131265640259,0.8702262043952942,0.1297737956047058,0.7942701578140259,"[0.8281145095825195, 0.7985117435455322]","[1.025085687637329, 0.7153667211532593]",0.0,0.0,0.0,0.0,0.8702262043952942,1.1074438095092773,1.1083934307098389
exp_07_tms_5_2_5layer_untied_rep1,5,untied,1,35000,hidden_layers.1,0.8607614040374756,1.011478304862976,-0.011478304862976074,0.8607614040374756,"[0.878979504108429, 0.842543363571167]","[0.7998151183128357, 1.2231415510177612]",0.0,0.0,0.0,0.0,1.011478304862976,1.1597628593444824,1.1574227809906006
exp_07_tms_5_2_5layer_untied_rep1,5,untied,1,35000,hidden_layers.2,0.8449226021766663,0.9316285848617554,0.06837141513824463,0.8449226021766663,"[0.7590911984443665, 0.9307540059089661]","[0.8494476675987244, 1.0138095617294312]",0.0,0.0,0.0,0.0,0.9316285848617554,1.104111909866333,1.1030621528625488
exp_07_tms_5_2_5layer_untied_rep1,5,untied,1,40000,linear1,0.9829937815666199,1.0549542903900146,-0.05495429039001465,0.8313925862312317,"[0.9999960660934448, 0.999841570854187, 0.9614688754081726, 0.9999910593032837, 0.9536710977554321]","[1.1538068056106567, 1.0918959379196167, 1.8705335855484009, 0.009580064564943314, 1.1489547491073608]",1.0,0.0,0.0,0.0,1.0549542903900146,1.3773434162139893,1.5177137851715088
exp_07_tms_5_2_5layer_untied_rep1,5,untied,1,40000,linear2,0.7569568753242493,0.7918241024017334,0.2081758975982666,0.7277976274490356,"[0.8322870135307312, 0.6816267371177673]","[0.8124741911888123, 0.7711740136146545]",0.0,0.0,0.0,0.0,0.7918241024017334,1.1135575771331787,1.1055338382720947
exp_07_tms_5_2_5layer_untied_rep1,5,untied,1,40000,hidden_layers.0,0.8133141994476318,0.870570719242096,0.12942928075790405,0.7941502332687378,"[0.8280885815620422, 0.7985397577285767]","[1.0257594585418701, 0.7153819799423218]",0.0,0.0,0.0,0.0,0.870570719242096,1.1079285144805908,1.1089245080947876
exp_07_tms_5_2_5layer_untied_rep1,5,untied,1,40000,hidden_layers.1,0.8606926798820496,1.0095691680908203,-0.009569168090820312,0.8606926798820496,"[0.8789323568344116, 0.8424530029296875]","[0.7997182607650757, 1.219420075416565]",0.0,0.0,0.0,0.0,1.0095691680908203,1.1575491428375244,1.1551530361175537
exp_07_tms_5_2_5layer_untied_rep1,5,untied,1,40000,hidden_layers.2,0.8449317216873169,0.9317597150802612,0.06824028491973877,0.8449317216873169,"[0.7591301798820496, 0.930733323097229]","[0.8495441675186157, 1.0139752626419067]",0.0,0.0,0.0,0.0,0.9317597150802612,1.1043952703475952,1.1032168865203857
exp_07_tms_5_2_6layer_tied_rep1,6,tied,1,5000,linear1,0.9994928240776062,0.6707519888877869,0.32924801111221313,0.9994909167289734,"[0.9999343156814575, 1.0, 0.9999717473983765, 0.999998152256012, 0.9975599050521851]","[1.0037418603897095, 1.0049402713775635, 1.0004613399505615, 0.00014745733642484993, 0.3444690704345703]",1.0,1.0,1.0,1.0,0.6707519888877869,13.7434720993042,16.799917221069336
exp_07_tms_5_2_6layer_tied_rep1,6,tied,1,5000,linear2,0.6300277709960938,0.636143684387207,0.36385631561279297,0.6300277709960938,"[0.6122139692306519, 0.6478415727615356]","[0.6271568536758423, 0.6451305150985718]",0.0,0.0,0.0,0.0,0.636143684387207,0.8973067998886108,0.9305720925331116
exp_07_tms_5_2_6layer_tied_rep1,6,tied,1,5000,hidden_layers.0,0.9635096788406372,0.4464029371738434,0.5535970628261566,0.9635096788406372,"[0.9375776648521423, 0.9894417524337769]","[0.8914148807525635, 0.001391020487062633]",1.0,1.0,1.0,1.0,0.4464029371738434,0.896651029586792,0.8972973823547363
exp_07_tms_5_2_6layer_tied_rep1,6,tied,1,5000,hidden_layers.1,0.9518464803695679,0.0006548833916895092,0.9993451166083105,0.9518464803695679,"[0.9127548336982727, 0.9909380674362183]","[0.0011176373809576035, 0.00019212938786949962]",1.0,1.0,1.0,1.0,0.0006548833916895092,0.0012235302710905671,0.927104651927948
exp_07_tms_5_2_6layer_tied_rep1,6,tied,1,5000,hidden_layers.2,0.9660873413085938,0.0010873624123632908,0.9989126375876367,0.9660873413085938,"[0.9481385946273804, 0.9840360879898071]","[0.0017792040016502142, 0.000395520735764876]",1.0,1.0,1.0,1.0,0.0010873624123632908,0.9604121446609497,1.0058481693267822
exp_07_tms_5_2_6layer_tied_rep1,6,tied,1,5000,hidden_layers.3,0.997467577457428,0.0003014045360032469,0.9996985954639968,0.997467577457428,"[0.9999417662620544, 0.9949933886528015]","[0.0004737038107123226, 0.00012910524674225599]",1.0,1.0,1.0,1.0,0.0003014045360032469,0.47768086194992065,0.8948628902435303
exp_07_tms_5_2_6layer_tied_rep1,6,tied,1,10000,linear1,0.9967320561408997,1.9040405750274658,-0.9040405750274658,0.9967320561408997,"[0.9999408721923828, 1.0, 0.9999834299087524, 0.9999977350234985, 0.983738124370575]","[1.050582766532898, 1.0878852605819702, 1.0795724391937256, 1.0999035835266113, 5.202259063720703]",1.0,0.0,0.0,0.0,1.9040405750274658,16.725414276123047,18.745487213134766
exp_07_tms_5_2_6layer_tied_rep1,6,tied,1,10000,linear2,0.6303718090057373,0.6931446194648743,0.30685538053512573,0.6303718090057373,"[0.6126813292503357, 0.6480622291564941]","[0.6892234683036804, 0.6970657706260681]",0.0,0.0,0.0,0.0,0.6931446194648743,1.0233209133148193,1.078082799911499
exp_07_tms_5_2_6layer_tied_rep1,6,tied,1,10000,hidden_layers.0,0.9055286049842834,0.45610442757606506,0.5438955724239349,0.9055286049842834,"[0.936720609664917, 0.8743366003036499]","[0.9121582508087158, 5.0606402510311455e-05]",0.0,0.0,0.0,0.0,0.45610442757606506,1.0221431255340576,1.022066593170166
exp_07_tms_5_2_6layer_tied_rep1,6,tied,1,10000,hidden_layers.1,0.7327004075050354,0.8028252124786377,0.1971747875213623,0.7111611366271973,"[0.6607144474983215, 0.8046863675117493]","[0.8933112025260925, 0.7123391628265381]",0.0,0.0,0.0,0.0,0.8028252124786377,1.0544027090072632,1.0544548034667969
exp_07_tms_5_2_6layer_tied_rep1,6,tied,1,10000,hidden_layers.2,0.8455979824066162,0.36436593532562256,0.6356340646743774,0.8455979824066162,"[0.8909348249435425, 0.8002610802650452]","[0.0007990800077095628, 0.7279328107833862]",0.0,0.0,0.0,0.0,0.36436593532562256,0.9841697216033936,1.034769058227539
exp_07_tms_5_2_6layer_tied_rep1,6,tied,1,10000,hidden_layers.3,0.8909838795661926,0.9208446741104126,0.0791553258895874,0.8909838795661926,"[0.8845455050468445, 0.8974222540855408]","[0.856025218963623, 0.9856641292572021]",0.0,0.0,0.0,0.0,0.9208446741104126,1.0348987579345703,1.0348842144012451
exp_07_tms_5_2_6layer_tied_rep1,6,tied,1,15000,linear1,0.99339359998703,8.489151954650879,-7.489151954650879,0.9895186424255371,"[0.9999094009399414, 0.9999985694885254, 0.9999804496765137, 0.9999995827674866, 0.9670799970626831]","[1.0514390468597412, 1.1010080575942993, 1.0904719829559326, 1.1183552742004395, 38.0844841003418]",1.0,0.0,0.0,0.0,8.489151954650879,18.93437385559082,20.965335845947266
exp_07_tms_5_2_6layer_tied_rep1,6,tied,1,15000,linear2,0.6303039789199829,0.7023148536682129,0.2976851463317871,0.6303039789199829,"[0.6115126013755798, 0.649095356464386]","[0.7004934549331665, 0.7041362524032593]",0.0,0.0,0.0,0.0,0.7023148536682129,1.036009430885315,1.0901317596435547
exp_07_tms_5_2_6layer_tied_rep1,6,tied,1,15000,hidden_layers.0,0.8809945583343506,0.9521005749702454,0.04789942502975464,0.8809945583343506,"[0.9374151825904846, 0.8245739936828613]","[0.9672349095344543, 0.9369662404060364]",0.0,0.0,0.0,0.0,0.9521005749702454,1.0638247728347778,1.0626208782196045
exp_07_tms_5_2_6layer_tied_rep1,6,tied,1,15000,hidden_layers.1,0.7325104475021362,0.8055245280265808,0.1944754719734192,0.7105451822280884,"[0.6589158773422241, 0.8061050772666931]","[0.8945540189743042, 0.7164950370788574]",0.0,0.0,0.0,0.0,0.8055245280265808,1.0710124969482422,1.0710203647613525
exp_07_tms_5_2_6layer_tied_rep1,6,tied,1,15000,hidden_layers.2,0.8038208484649658,0.8480347394943237,0.15196526050567627,0.8038208484649658,"[0.8058484792709351, 0.8017932772636414]","[0.9655045866966248, 0.7305649518966675]",0.0,0.0,0.0,0.0,0.8480347394943237,1.05678129196167,1.0563123226165771
exp_07_tms_5_2_6layer_tied_rep1,6,tied,1,15000,hidden_layers.3,0.8917132616043091,0.950359582901001,0.04964041709899902,0.8917132616043091,"[0.8853638768196106, 0.8980625867843628]","[0.8911910653114319, 1.0095281600952148]",0.0,0.0,0.0,0.0,0.950359582901001,1.0672845840454102,1.0669221878051758
exp_07_tms_5_2_6layer_tied_rep1,6,tied,1,20000,linear1,0.9934810400009155,8.789542198181152,-7.789542198181152,0.9809654355049133,"[0.9999220967292786, 1.0000001192092896, 0.9999697804450989, 0.9999985098838806, 0.9675151109695435]","[1.0596925020217896, 1.1090072393417358, 1.0912538766860962, 1.1197495460510254, 39.5680046081543]",1.0,0.0,0.0,0.0,8.789542198181152,19.477184295654297,21.82784652709961
exp_07_tms_5_2_6layer_tied_rep1,6,tied,1,20000,linear2,0.6296589374542236,0.7030380964279175,0.2969619035720825,0.6296589374542236,"[0.6092323064804077, 0.6500856280326843]","[0.7019446492195129, 0.7041316032409668]",0.0,0.0,0.0,0.0,0.7030380964279175,1.0384368896484375,1.09385085105896
exp_07_tms_5_2_6layer_tied_rep1,6,tied,1,20000,hidden_layers.0,0.8808718919754028,0.9711006879806519,0.028899312019348145,0.8808718919754028,"[0.937271773815155, 0.8244720697402954]","[0.9740182161331177, 0.968183159828186]",0.0,0.0,0.0,0.0,0.9711006879806519,1.08505380153656,1.083754301071167
exp_07_tms_5_2_6layer_tied_rep1,6,tied,1,20000,hidden_layers.1,0.7326477766036987,0.8151694536209106,0.18483054637908936,0.7120641469955444,"[0.660213053226471, 0.8050825595855713]","[0.9064394235610962, 0.7238994836807251]",0.0,0.0,0.0,0.0,0.8151694536209106,1.0803369283676147,1.0804842710494995
exp_07_tms_5_2_6layer_tied_rep1,6,tied,1,20000,hidden_layers.2,0.8038424849510193,0.8783836960792542,0.12161630392074585,0.8038424849510193,"[0.8052828907966614, 0.8024020791053772]","[0.9974709153175354, 0.7592964768409729]",0.0,0.0,0.0,0.0,0.8783836960792542,1.093712568283081,1.0933122634887695
exp_07_tms_5_2_6layer_tied_rep1,6,tied,1,20000,hidden_layers.3,0.8920766115188599,0.9724430441856384,0.027556955814361572,0.8920766115188599,"[0.8845471143722534, 0.8996061086654663]","[0.9324766397476196, 1.0124094486236572]",0.0,0.0,0.0,0.0,0.9724430441856384,1.0899863243103027,1.088891625404358
exp_07_tms_5_2_6layer_tied_rep1,6,tied,1,25000,linear1,0.9934762120246887,8.951009750366211,-7.951009750366211,0.9801074862480164,"[0.9999105334281921, 1.0, 0.9999776482582092, 0.9999968409538269, 0.9674963355064392]","[1.061078429222107, 1.1020989418029785, 1.1024943590164185, 1.1210836172103882, 40.3682975769043]",1.0,0.0,0.0,0.0,8.951009750366211,18.238964080810547,22.58589744567871
exp_07_tms_5_2_6layer_tied_rep1,6,tied,1,25000,linear2,0.6291288733482361,0.7075311541557312,0.2924688458442688,0.6291288733482361,"[0.6116341352462769, 0.6466236114501953]","[0.7032065391540527, 0.7118557691574097]",0.0,0.0,0.0,0.0,0.7075311541557312,1.0403612852096558,1.094687819480896
exp_07_tms_5_2_6layer_tied_rep1,6,tied,1,25000,hidden_layers.0,0.8802546262741089,0.9710625410079956,0.028937458992004395,0.8802546262741089,"[0.9365801811218262, 0.8239290714263916]","[0.9748353362083435, 0.9672898054122925]",0.0,0.0,0.0,0.0,0.9710625410079956,1.086115837097168,1.084531307220459
exp_07_tms_5_2_6layer_tied_rep1,6,tied,1,25000,hidden_layers.1,0.7325477600097656,0.814639687538147,0.18536031246185303,0.7116333246231079,"[0.6592658758163452, 0.805829644203186]","[0.9051893949508667, 0.724090039730072]",0.0,0.0,0.0,0.0,0.814639687538147,1.0816693305969238,1.0817539691925049
exp_07_tms_5_2_6layer_tied_rep1,6,tied,1,25000,hidden_layers.2,0.8034710884094238,0.879431962966919,0.12056803703308105,0.8034710884094238,"[0.8070418834686279, 0.799900233745575]","[0.9976456761360168, 0.7612183094024658]",0.0,0.0,0.0,0.0,0.879431962966919,1.0953078269958496,1.0948410034179688
exp_07_tms_5_2_6layer_tied_rep1,6,tied,1,25000,hidden_layers.3,0.891955554485321,0.9870545864105225,0.012945413589477539,0.891955554485321,"[0.8868151307106018, 0.8970959782600403]","[0.9297894835472107, 1.044319748878479]",0.0,0.0,0.0,0.0,0.9870545864105225,1.1075255870819092,1.1060048341751099
exp_07_tms_5_2_6layer_tied_rep1,6,tied,1,30000,linear1,0.9934830665588379,9.05390739440918,-8.05390739440918,0.9800430536270142,"[0.9999070167541504, 1.0, 0.9999783039093018, 0.9999992847442627, 0.9675308465957642]","[1.0625139474868774, 1.108997106552124, 1.0998612642288208, 1.1182307004928589, 40.87993240356445]",1.0,0.0,0.0,0.0,9.05390739440918,17.879451751708984,20.485475540161133
exp_07_tms_5_2_6layer_tied_rep1,6,tied,1,30000,linear2,0.629321277141571,0.7057236433029175,0.2942763566970825,0.629321277141571,"[0.6105687618255615, 0.6480737924575806]","[0.7012217044830322, 0.7102256417274475]",0.0,0.0,0.0,0.0,0.7057236433029175,1.0416611433029175,1.0965173244476318
exp_07_tms_5_2_6layer_tied_rep1,6,tied,1,30000,hidden_layers.0,0.8809614181518555,0.9727756381034851,0.027224361896514893,0.8809614181518555,"[0.9374967813491821, 0.8244260549545288]","[0.9746809005737305, 0.9708703756332397]",0.0,0.0,0.0,0.0,0.9727756381034851,1.0869345664978027,1.0853135585784912
exp_07_tms_5_2_6layer_tied_rep1,6,tied,1,30000,hidden_layers.1,0.7326421737670898,0.8118078112602234,0.1881921887397766,0.712507963180542,"[0.6601594090461731, 0.8051249980926514]","[0.9011634588241577, 0.7224521636962891]",0.0,0.0,0.0,0.0,0.8118078112602234,1.0811091661453247,1.081236481666565
exp_07_tms_5_2_6layer_tied_rep1,6,tied,1,30000,hidden_layers.2,0.8039500117301941,0.8825750350952148,0.11742496490478516,0.8039500117301941,"[0.8066009283065796, 0.8012990951538086]","[1.0057460069656372, 0.7594040632247925]",0.0,0.0,0.0,0.0,0.8825750350952148,1.0994762182235718,1.0987329483032227
exp_07_tms_5_2_6layer_tied_rep1,6,tied,1,30000,hidden_layers.3,0.8919552564620972,0.9921684265136719,0.007831573486328125,0.8919552564620972,"[0.8854010701179504, 0.8985095024108887]","[0.9324057698249817, 1.0519311428070068]",0.0,0.0,0.0,0.0,0.9921684265136719,1.1130598783493042,1.111262559890747
exp_07_tms_5_2_6layer_tied_rep1,6,tied,1,35000,linear1,0.9934558868408203,9.059990882873535,-8.059990882873535,0.9751796722412109,"[0.9999086260795593, 0.9999999403953552, 0.9999757409095764, 0.999997615814209, 0.9673978090286255]","[1.0615427494049072, 1.1035659313201904, 1.1023504734039307, 1.1210403442382812, 40.91145324707031]",1.0,0.0,0.0,0.0,9.059990882873535,17.89181900024414,20.344440460205078
exp_07_tms_5_2_6layer_tied_rep1,6,tied,1,35000,linear2,0.629002571105957,0.7075124979019165,0.2924875020980835,0.629002571105957,"[0.6106424927711487, 0.6473627090454102]","[0.7033382654190063, 0.7116866707801819]",0.0,0.0,0.0,0.0,0.7075124979019165,1.040880799293518,1.0952773094177246
exp_07_tms_5_2_6layer_tied_rep1,6,tied,1,35000,hidden_layers.0,0.8809703588485718,0.9730629920959473,0.026937007904052734,0.8809703588485718,"[0.9371388554573059, 0.8248018026351929]","[0.9772388339042664, 0.968887209892273]",0.0,0.0,0.0,0.0,0.9730629920959473,1.0871819257736206,1.085296869277954
exp_07_tms_5_2_6layer_tied_rep1,6,tied,1,35000,hidden_layers.1,0.7326452732086182,0.8124527335166931,0.18754726648330688,0.7124521732330322,"[0.6601888537406921, 0.805101752281189]","[0.9020795822143555, 0.7228258848190308]",0.0,0.0,0.0,0.0,0.8124527335166931,1.0794715881347656,1.0795526504516602
exp_07_tms_5_2_6layer_tied_rep1,6,tied,1,35000,hidden_layers.2,0.8035033941268921,0.8838448524475098,0.11615514755249023,0.8035033941268921,"[0.8064023852348328, 0.8006043434143066]","[1.0064661502838135, 0.7612234950065613]",0.0,0.0,0.0,0.0,0.8838448524475098,1.1010228395462036,1.100320816040039
exp_07_tms_5_2_6layer_tied_rep1,6,tied,1,35000,hidden_layers.3,0.8909608125686646,0.9936456680297852,0.006354331970214844,0.8909608125686646,"[0.8841307163238525, 0.8977909088134766]","[0.9382718801498413, 1.049019455909729]",0.0,0.0,0.0,0.0,0.9936456680297852,1.1143059730529785,1.1123225688934326
exp_07_tms_5_2_6layer_tied_rep1,6,tied,1,40000,linear1,0.9934369921684265,9.063802719116211,-8.063802719116211,0.9759019613265991,"[0.9999032020568848, 0.9999996423721313, 0.9999768137931824, 0.9999974966049194, 0.9673076868057251]","[1.0611467361450195, 1.1041673421859741, 1.1029967069625854, 1.1194751262664795, 40.93122863769531]",1.0,0.0,0.0,0.0,9.063802719116211,17.901756286621094,20.338153839111328
exp_07_tms_5_2_6layer_tied_rep1,6,tied,1,40000,linear2,0.6292015910148621,0.7072800397872925,0.2927199602127075,0.6292015910148621,"[0.6108230948448181, 0.647580087184906]","[0.7023990154266357, 0.7121610641479492]",0.0,0.0,0.0,0.0,0.7072800397872925,1.0408682823181152,1.0953351259231567
exp_07_tms_5_2_6layer_tied_rep1,6,tied,1,40000,hidden_layers.0,0.8807848691940308,0.9720228910446167,0.0279771089553833,0.8807848691940308,"[0.9370197057723999, 0.8245499730110168]","[0.9745596647262573, 0.9694861769676208]",0.0,0.0,0.0,0.0,0.9720228910446167,1.085695505142212,1.08388352394104
exp_07_tms_5_2_6layer_tied_rep1,6,tied,1,40000,hidden_layers.1,0.7327302694320679,0.8111260533332825,0.18887394666671753,0.712826132774353,"[0.6610007286071777, 0.8044597506523132]","[0.900602400302887, 0.721649706363678]",0.0,0.0,0.0,0.0,0.8111260533332825,1.0791168212890625,1.0792224407196045
exp_07_tms_5_2_6layer_tied_rep1,6,tied,1,40000,hidden_layers.2,0.8035702109336853,0.8837863206863403,0.11621367931365967,0.8035702109336853,"[0.8065957427024841, 0.8005446791648865]","[1.0064152479171753, 0.7611573934555054]",0.0,0.0,0.0,0.0,0.8837863206863403,1.1009681224822998,1.1002357006072998
exp_07_tms_5_2_6layer_tied_rep1,6,tied,1,40000,hidden_layers.3,0.8910318613052368,0.9938223361968994,0.006177663803100586,0.8910318613052368,"[0.8841109275817871, 0.8979527950286865]","[0.9382597804069519, 1.0493849515914917]",0.0,0.0,0.0,0.0,0.9938223361968994,1.1144317388534546,1.1124494075775146
exp_07_tms_5_2_6layer_untied_rep1,6,untied,1,5000,linear1,0.9997538328170776,0.2820032238960266,0.7179967761039734,0.9959670901298523,"[0.9994324445724487, 0.9994027614593506, 0.9999995231628418, 0.9999394416809082, 0.9999950528144836]","[0.002735561691224575, 0.9969631433486938, 0.23213310539722443, 0.0006459393189288676, 0.1775382161140442]",1.0,1.0,1.0,1.0,0.2820032238960266,0.9062051773071289,1.1069167852401733
exp_07_tms_5_2_6layer_untied_rep1,6,untied,1,5000,linear2,0.9421290159225464,0.5053688883781433,0.4946311116218567,0.9421290159225464,"[0.9544963836669922, 0.9297616481781006]","[0.978472113609314, 0.032265711575746536]",0.0,0.0,0.0,0.0,0.5053688883781433,0.991558313369751,1.0228071212768555
exp_07_tms_5_2_6layer_untied_rep1,6,untied,1,5000,hidden_layers.0,0.9865199327468872,0.9914180040359497,0.008581995964050293,0.9506238698959351,"[0.9849779009819031, 0.9880619049072266]","[0.9947085380554199, 0.9881275296211243]",1.0,0.0,0.0,0.0,0.9914180040359497,0.9923782348632812,1.0091941356658936
exp_07_tms_5_2_6layer_untied_rep1,6,untied,1,5000,hidden_layers.1,0.9875158071517944,0.9463324546813965,0.053667545318603516,0.9154483079910278,"[0.9861787557601929, 0.9888527989387512]","[0.5890896916389465, 1.3035751581192017]",1.0,1.0,0.0,0.0,0.9463324546813965,1.0400161743164062,1.149756669998169
exp_07_tms_5_2_6layer_untied_rep1,6,untied,1,5000,hidden_layers.2,0.9855397939682007,0.7605916261672974,0.23940837383270264,0.9855397939682007,"[0.976242184638977, 0.9948373436927795]","[0.128108412027359, 1.393074870109558]",1.0,1.0,1.0,1.0,0.7605916261672974,0.9725552201271057,1.0138458013534546
exp_07_tms_5_2_6layer_untied_rep1,6,untied,1,5000,hidden_layers.3,0.996644139289856,1.0125266313552856,-0.012526631355285645,0.9885091185569763,"[0.9983385801315308, 0.9949496984481812]","[0.8044171929359436, 1.2206361293792725]",1.0,0.0,0.0,0.0,1.0125266313552856,1.0272268056869507,1.0667310953140259
exp_07_tms_5_2_6layer_untied_rep1,6,untied,1,10000,linear1,0.9931114315986633,0.4645133912563324,0.5354866087436676,0.9675391912460327,"[0.9966127872467041, 0.9990811347961426, 0.9999364614486694, 0.9699698686599731, 0.9999571442604065]","[0.004179726354777813, 0.9909138083457947, 0.1961861401796341, 1.1246498823165894, 0.006637258920818567]",1.0,1.0,1.0,1.0,0.4645133912563324,0.8413603901863098,1.0120584964752197
exp_07_tms_5_2_6layer_untied_rep1,6,untied,1,10000,linear2,0.9426062107086182,0.5059205889701843,0.4940794110298157,0.9426062107086182,"[0.9539284110069275, 0.9312840104103088]","[0.982673168182373, 0.02916804328560829]",0.0,0.0,0.0,0.0,0.5059205889701843,0.9954116344451904,1.023991584777832
exp_07_tms_5_2_6layer_untied_rep1,6,untied,1,10000,hidden_layers.0,0.9865633249282837,0.9939387440681458,0.006061255931854248,0.8388438820838928,"[0.9863933324813843, 0.9867332577705383]","[0.9972294569015503, 0.9906480312347412]",1.0,0.0,0.0,0.0,0.9939387440681458,1.0056387186050415,1.013188362121582
exp_07_tms_5_2_6layer_untied_rep1,6,untied,1,10000,hidden_layers.1,0.9875480532646179,0.9543267488479614,0.045673251152038574,0.9128304719924927,"[0.9879583120346069, 0.9871377944946289]","[0.6546741127967834, 1.2539794445037842]",1.0,0.0,0.0,0.0,0.9543267488479614,1.0176137685775757,1.1001176834106445
exp_07_tms_5_2_6layer_untied_rep1,6,untied,1,10000,hidden_layers.2,0.9835090041160583,0.8752598762512207,0.1247401237487793,0.9457950592041016,"[0.970500111579895, 0.9965178966522217]","[0.3687143325805664, 1.381805419921875]",1.0,1.0,1.0,0.0,0.8752598762512207,0.9337335824966431,0.971747875213623
exp_07_tms_5_2_6layer_untied_rep1,6,untied,1,10000,hidden_layers.3,0.9996993541717529,1.014957070350647,-0.014957070350646973,0.9996374845504761,"[0.999954342842102, 0.9994443655014038]","[0.8323505520820618, 1.197563648223877]",1.0,0.0,0.0,0.0,1.014957070350647,1.0216724872589111,1.0342473983764648
exp_07_tms_5_2_6layer_untied_rep1,6,untied,1,15000,linear1,0.9908733367919922,0.46968787908554077,0.5303121209144592,0.988085150718689,"[0.9967435598373413, 0.9990110397338867, 0.9997416734695435, 0.9607564806938171, 0.9981142282485962]","[0.00436457060277462, 0.9867040514945984, 0.08903951942920685, 1.1844738721847534, 0.08385743945837021]",1.0,1.0,1.0,1.0,0.46968787908554077,0.7525083422660828,0.7808874249458313
exp_07_tms_5_2_6layer_untied_rep1,6,untied,1,15000,linear2,0.9367095828056335,0.509533703327179,0.49046629667282104,0.9367095828056335,"[0.9539482593536377, 0.9194709062576294]","[0.9987049698829651, 0.020362488925457]",0.0,0.0,0.0,0.0,0.509533703327179,1.0101516246795654,1.0413216352462769
exp_07_tms_5_2_6layer_untied_rep1,6,untied,1,15000,hidden_layers.0,0.9865151047706604,0.9905308485031128,0.009469151496887207,0.8639196753501892,"[0.9881401062011719, 0.9848901033401489]","[1.0004266500473022, 0.9806351065635681]",1.0,0.0,0.0,0.0,0.9905308485031128,0.994842529296875,0.9978394508361816
exp_07_tms_5_2_6layer_untied_rep1,6,untied,1,15000,hidden_layers.1,0.9874107837677002,0.9606125950813293,0.039387404918670654,0.9585390090942383,"[0.9900651574134827, 0.9847564101219177]","[0.693711519241333, 1.2275136709213257]",1.0,0.0,0.0,0.0,0.9606125950813293,0.9766322374343872,1.0000334978103638
exp_07_tms_5_2_6layer_untied_rep1,6,untied,1,15000,hidden_layers.2,0.9905020594596863,0.7074899077415466,0.29251009225845337,0.9905020594596863,"[0.9823586940765381, 0.9986454248428345]","[0.06568072736263275, 1.3492990732192993]",1.0,1.0,1.0,1.0,0.7074899077415466,0.9519017934799194,0.9777979850769043
exp_07_tms_5_2_6layer_untied_rep1,6,untied,1,15000,hidden_layers.3,0.9997745156288147,0.6073673367500305,0.3926326632499695,0.9997745156288147,"[0.9997986555099487, 0.9997503757476807]","[0.00915673840790987, 1.2055779695510864]",1.0,1.0,1.0,1.0,0.6073673367500305,1.0377494096755981,1.0673010349273682
exp_07_tms_5_2_6layer_untied_rep1,6,untied,1,20000,linear1,0.9849585294723511,0.46031826734542847,0.5396817326545715,0.8102809190750122,"[0.9394336938858032, 0.9990687966346741, 0.998160719871521, 0.9919795989990234, 0.9961501359939575]","[1.2709250450134277, 0.9941768050193787, 0.001354531617835164, 0.0019832116086035967, 0.03315184265375137]",1.0,1.0,1.0,1.0,0.46031826734542847,0.7213043570518494,0.7341710329055786
exp_07_tms_5_2_6layer_untied_rep1,6,untied,1,20000,linear2,0.9368599653244019,0.511953592300415,0.48804640769958496,0.9368599653244019,"[0.9538878202438354, 0.9198320508003235]","[1.0057474374771118, 0.018159743398427963]",0.0,0.0,0.0,0.0,0.511953592300415,1.0062010288238525,1.0340251922607422
exp_07_tms_5_2_6layer_untied_rep1,6,untied,1,20000,hidden_layers.0,0.9873501062393188,0.4962508976459503,0.5037491023540497,0.9873501062393188,"[0.9911779761314392, 0.9835221767425537]","[0.0019582663662731647, 0.99054354429245]",1.0,1.0,1.0,1.0,0.4962508976459503,0.9957174062728882,1.0018117427825928
exp_07_tms_5_2_6layer_untied_rep1,6,untied,1,20000,hidden_layers.1,0.9916074872016907,0.6259967684745789,0.37400323152542114,0.9916074872016907,"[0.998981237411499, 0.9842337369918823]","[0.03866516426205635, 1.2133283615112305]",1.0,1.0,1.0,1.0,0.6259967684745789,1.000680923461914,1.0187550783157349
exp_07_tms_5_2_6layer_untied_rep1,6,untied,1,20000,hidden_layers.2,0.9914425015449524,0.8937740325927734,0.10622596740722656,0.9622523784637451,"[0.9831663370132446, 0.9997186660766602]","[0.46595481038093567, 1.3215932846069336]",1.0,1.0,1.0,0.0,0.8937740325927734,0.9563522934913635,0.9649605751037598
exp_07_tms_5_2_6layer_untied_rep1,6,untied,1,20000,hidden_layers.3,0.9974002838134766,1.036967158317566,-0.03696715831756592,0.9957520365715027,"[0.995924711227417, 0.9988758563995361]","[0.8629235625267029, 1.2110106945037842]",1.0,0.0,0.0,0.0,1.036967158317566,1.091709852218628,1.1152178049087524
exp_07_tms_5_2_6layer_untied_rep1,6,untied,1,25000,linear1,0.9752408862113953,0.6985098719596863,0.3014901280403137,0.8054950833320618,"[0.9342840909957886, 0.9990915060043335, 0.9981378316879272, 0.9492800235748291, 0.9954109787940979]","[1.2854751348495483, 0.995497465133667, 0.0021491539664566517, 1.2018287181854248, 0.007598948199301958]",1.0,1.0,1.0,1.0,0.6985098719596863,0.7201685905456543,0.7380765080451965
exp_07_tms_5_2_6layer_untied_rep1,6,untied,1,25000,linear2,0.9403751492500305,0.5248057246208191,0.4751942753791809,0.9403751492500305,"[0.9539879560470581, 0.9267623424530029]","[1.0187270641326904, 0.0308843906968832]",0.0,0.0,0.0,0.0,0.5248057246208191,1.0100938081741333,1.036771297454834
exp_07_tms_5_2_6layer_untied_rep1,6,untied,1,25000,hidden_layers.0,0.986312747001648,0.9910584688186646,0.00894153118133545,0.8912845849990845,"[0.9899986982345581, 0.9826268553733826]","[0.9934058785438538, 0.9887110590934753]",1.0,0.0,0.0,0.0,0.9910584688186646,0.9951726198196411,0.9976266622543335
exp_07_tms_5_2_6layer_untied_rep1,6,untied,1,25000,hidden_layers.1,0.9916971921920776,0.6108385920524597,0.3891614079475403,0.9916971921920776,"[0.9991483092308044, 0.984246015548706]","[0.02062675729393959, 1.2010504007339478]",1.0,1.0,1.0,1.0,0.6108385920524597,0.9853675365447998,1.0056977272033691
exp_07_tms_5_2_6layer_untied_rep1,6,untied,1,25000,hidden_layers.2,0.9932254552841187,0.8969433903694153,0.10305660963058472,0.9735102653503418,"[0.9864619970321655, 0.9999889731407166]","[0.49363794922828674, 1.3002488613128662]",1.0,1.0,1.0,0.0,0.8969433903694153,0.9262231588363647,0.9585994482040405
exp_07_tms_5_2_6layer_untied_rep1,6,untied,1,25000,hidden_layers.3,0.9990915060043335,0.6189789175987244,0.38102108240127563,0.9990915060043335,"[0.999873161315918, 0.998309850692749]","[0.02515501342713833, 1.212802767753601]",1.0,1.0,1.0,1.0,0.6189789175987244,1.0587283372879028,1.0889525413513184
exp_07_tms_5_2_6layer_untied_rep1,6,untied,1,30000,linear1,0.9828157424926758,0.45911556482315063,0.5408844351768494,0.8033390045166016,"[0.9313972592353821, 0.9991152286529541, 0.9978297352790833, 0.9918414354324341, 0.9938951730728149]","[1.289979100227356, 0.996133029460907, 0.0007582118851132691, 0.002134510315954685, 0.006572952028363943]",1.0,1.0,1.0,1.0,0.45911556482315063,0.7173622846603394,0.7285313010215759
exp_07_tms_5_2_6layer_untied_rep1,6,untied,1,30000,linear2,0.9575042724609375,0.018491659313440323,0.9815083406865597,0.9575042724609375,"[0.965690016746521, 0.9493185877799988]","[0.0047780051827430725, 0.03220531344413757]",1.0,1.0,1.0,1.0,0.018491659313440323,1.0108749866485596,1.0372976064682007
exp_07_tms_5_2_6layer_untied_rep1,6,untied,1,30000,hidden_layers.0,0.9908168315887451,0.49613142013549805,0.503868579864502,0.9908168315887451,"[0.9989872574806213, 0.9826464653015137]","[0.0007282475125975907, 0.9915345907211304]",1.0,1.0,1.0,1.0,0.49613142013549805,0.9967619180679321,1.0004853010177612
exp_07_tms_5_2_6layer_untied_rep1,6,untied,1,30000,hidden_layers.1,0.9921970367431641,0.6059362292289734,0.3940637707710266,0.9921970367431641,"[0.9999303221702576, 0.9844638109207153]","[0.021385416388511658, 1.190487027168274]",1.0,1.0,1.0,1.0,0.6059362292289734,0.9862849712371826,1.0038275718688965
exp_07_tms_5_2_6layer_untied_rep1,6,untied,1,30000,hidden_layers.2,0.9942190647125244,0.9031921625137329,0.09680783748626709,0.9694734811782837,"[0.9884703159332275, 0.9999678134918213]","[0.5127415060997009, 1.2936427593231201]",1.0,1.0,0.0,0.0,0.9031921625137329,0.9349291324615479,0.9637366533279419
exp_07_tms_5_2_6layer_untied_rep1,6,untied,1,30000,hidden_layers.3,0.9963527321815491,0.6171079277992249,0.38289207220077515,0.9963527321815491,"[0.9948405027389526, 0.9978649616241455]","[0.02143942192196846, 1.2127764225006104]",1.0,1.0,1.0,1.0,0.6171079277992249,1.0658701658248901,1.1484438180923462
exp_07_tms_5_2_6layer_untied_rep1,6,untied,1,35000,linear1,0.9735637903213501,0.7021140456199646,0.2978859543800354,0.801764965057373,"[0.9309011697769165, 0.9991291761398315, 0.9969096183776855, 0.9462912082672119, 0.9945875406265259]","[1.2938919067382812, 0.9961302280426025, 0.0025240201503038406, 1.2121572494506836, 0.005866795778274536]",1.0,1.0,1.0,1.0,0.7021140456199646,0.7194381952285767,0.7293453216552734
exp_07_tms_5_2_6layer_untied_rep1,6,untied,1,35000,linear2,0.9579007029533386,0.019000953063368797,0.9809990469366312,0.9579007029533386,"[0.9638631939888, 0.9519382119178772]","[0.00469678919762373, 0.03330511599779129]",1.0,1.0,1.0,1.0,0.019000953063368797,1.0128157138824463,1.037231683731079
exp_07_tms_5_2_6layer_untied_rep1,6,untied,1,35000,hidden_layers.0,0.9862700700759888,0.9932777881622314,0.006722211837768555,0.9825787544250488,"[0.9902570247650146, 0.9822831153869629]","[0.9957094192504883, 0.9908460974693298]",1.0,0.0,0.0,0.0,0.9932777881622314,0.9964048266410828,0.9998952150344849
exp_07_tms_5_2_6layer_untied_rep1,6,untied,1,35000,hidden_layers.1,0.9922105073928833,0.603870153427124,0.396129846572876,0.9922105073928833,"[0.9999998211860657, 0.9844212532043457]","[0.022109372541308403, 1.1856309175491333]",1.0,1.0,1.0,1.0,0.603870153427124,0.981479823589325,1.0008705854415894
exp_07_tms_5_2_6layer_untied_rep1,6,untied,1,35000,hidden_layers.2,0.9944727420806885,0.9073259830474854,0.09267401695251465,0.9827498197555542,"[0.9890131950378418, 0.9999322295188904]","[0.5205734372138977, 1.2940784692764282]",1.0,1.0,0.0,0.0,0.9073259830474854,0.9432345032691956,0.9759151935577393
exp_07_tms_5_2_6layer_untied_rep1,6,untied,1,35000,hidden_layers.3,0.9976106882095337,0.6216052174568176,0.3783947825431824,0.9976106882095337,"[0.9975157976150513, 0.9977055788040161]","[0.024861404672265053, 1.2183489799499512]",1.0,1.0,1.0,1.0,0.6216052174568176,1.0719571113586426,1.1621332168579102
exp_07_tms_5_2_6layer_untied_rep1,6,untied,1,40000,linear1,0.9735487699508667,0.7018826603889465,0.29811733961105347,0.8027386665344238,"[0.9303205013275146, 0.9991405010223389, 0.9974557757377625, 0.9457769989967346, 0.9950499534606934]","[1.290917158126831, 0.9992856979370117, 0.002606476889923215, 1.209254264831543, 0.007349656894803047]",1.0,1.0,1.0,1.0,0.7018826603889465,0.7188290953636169,0.7299010157585144
exp_07_tms_5_2_6layer_untied_rep1,6,untied,1,40000,linear2,0.961453914642334,0.019205346703529358,0.9807946532964706,0.961453914642334,"[0.9683849811553955, 0.9545229077339172]","[0.0046724290587008, 0.033738262951374054]",1.0,1.0,1.0,1.0,0.019205346703529358,1.0134514570236206,1.0373270511627197
exp_07_tms_5_2_6layer_untied_rep1,6,untied,1,40000,hidden_layers.0,0.9903724193572998,0.4974169433116913,0.5025830566883087,0.9903724193572998,"[0.9983948469161987, 0.9823499917984009]","[0.0007501125801354647, 0.9940837621688843]",1.0,1.0,1.0,1.0,0.4974169433116913,0.9984613656997681,1.002532720565796
exp_07_tms_5_2_6layer_untied_rep1,6,untied,1,40000,hidden_layers.1,0.9922209978103638,0.6036277413368225,0.3963722586631775,0.9922209978103638,"[0.9999775886535645, 0.9844643473625183]","[0.02183884009718895, 1.1854166984558105]",1.0,1.0,1.0,1.0,0.6036277413368225,0.9809548258781433,1.0001935958862305
exp_07_tms_5_2_6layer_untied_rep1,6,untied,1,40000,hidden_layers.2,0.994504988193512,0.9094212651252747,0.09057873487472534,0.9843537211418152,"[0.9890834093093872, 0.9999265670776367]","[0.5226172208786011, 1.2962253093719482]",1.0,1.0,0.0,0.0,0.9094212651252747,0.9467224478721619,0.9817193746566772
exp_07_tms_5_2_6layer_untied_rep1,6,untied,1,40000,hidden_layers.3,0.9977871179580688,0.6193287968635559,0.3806712031364441,0.9977871179580688,"[0.997900128364563, 0.9976741075515747]","[0.024480445310473442, 1.214177131652832]",1.0,1.0,1.0,1.0,0.6193287968635559,1.1189916133880615,1.1548311710357666
