layer_name,target_fro_norm,raw_fro_norm,delta_fro_norm,raw_fro_ratio,delta_fro_ratio,raw_spectral_ratio,faithfulness_mse,target_singular_values,raw_singular_values,run_name,depth,architecture,replicate,checkpoint_step,top1_component_strength_frac,top3_component_strength_frac,raw_under_scaling_gap,delta_support_gap
linear1,2.532642364501953,2.5391204357147217,0.012483121827244759,1.0025578737258911,0.004928892478346825,1.003194808959961,1.558283474878408e-05,"[1.7944810390472412, 1.7872087955474854]","[1.8002140522003174, 1.7906317710876465]",exp_07_tms_5_2_2layer_tied_rep1,2,tied,1,5000,0.1979946792125702,0.5908690690994263,-0.0025578737258911133,0.004928892478346825
linear2,2.532642364501953,2.5391204357147217,0.012483121827244759,1.0025578737258911,0.004928892478346825,1.0031946897506714,1.558283474878408e-05,"[1.7944811582565308, 1.7872086763381958]","[1.8002140522003174, 1.7906321287155151]",exp_07_tms_5_2_2layer_tied_rep1,2,tied,1,5000,0.1979946792125702,0.5908690690994263,-0.0025578737258911133,0.004928892478346825
linear1,2.532642364501953,2.5349724292755127,0.007270903326570988,1.000920057296753,0.0028708763420581818,0.999236524105072,5.286603027343517e-06,"[1.7944810390472412, 1.7872087955474854]","[1.793110966682434, 1.7918813228607178]",exp_07_tms_5_2_2layer_tied_rep1,2,tied,1,10000,0.19764864444732666,0.5916195511817932,-0.0009200572967529297,0.0028708763420581818
linear2,2.532642364501953,2.5349724292755127,0.007270903326570988,1.000920057296753,0.0028708763420581818,0.9992363452911377,5.286603027343517e-06,"[1.7944811582565308, 1.7872086763381958]","[1.7931108474731445, 1.7918813228607178]",exp_07_tms_5_2_2layer_tied_rep1,2,tied,1,10000,0.19764864444732666,0.5916195511817932,-0.0009200572967529297,0.0028708763420581818
linear1,2.532642364501953,2.5362675189971924,0.01724092848598957,1.0014313459396362,0.006807486526668072,1.002246618270874,2.9724964406341314e-05,"[1.7944810390472412, 1.7872087955474854]","[1.798512578010559, 1.7882969379425049]",exp_07_tms_5_2_2layer_tied_rep1,2,tied,1,15000,0.19803230464458466,0.5920588374137878,-0.0014313459396362305,0.006807486526668072
linear2,2.532642364501953,2.5362675189971924,0.01724092848598957,1.0014313459396362,0.006807486526668072,1.002246618270874,2.9724964406341314e-05,"[1.7944811582565308, 1.7872086763381958]","[1.798512578010559, 1.788297176361084]",exp_07_tms_5_2_2layer_tied_rep1,2,tied,1,15000,0.19803230464458466,0.5920588374137878,-0.0014313459396362305,0.006807486526668072
linear1,2.532642364501953,2.5361504554748535,0.00896068848669529,1.0013850927352905,0.003538078861311078,1.0023890733718872,8.029392120079137e-06,"[1.7944810390472412, 1.7872087955474854]","[1.7987682819366455, 1.7878738641738892]",exp_07_tms_5_2_2layer_tied_rep1,2,tied,1,20000,0.1974184513092041,0.5910156965255737,-0.0013850927352905273,0.003538078861311078
linear2,2.532642364501953,2.5361506938934326,0.00896068848669529,1.00138521194458,0.003538078861311078,1.0023890733718872,8.02939302957384e-06,"[1.7944811582565308, 1.7872086763381958]","[1.7987682819366455, 1.7878738641738892]",exp_07_tms_5_2_2layer_tied_rep1,2,tied,1,20000,0.1974184513092041,0.5910156965255737,-0.0013852119445800781,0.003538078861311078
linear1,2.532642364501953,2.53951358795166,0.011600643396377563,1.0027130842208862,0.004580450709909201,1.00347900390625,1.3457492059387732e-05,"[1.7944810390472412, 1.7872087955474854]","[1.8007241487503052, 1.790676474571228]",exp_07_tms_5_2_2layer_tied_rep1,2,tied,1,25000,0.19818207621574402,0.5915394425392151,-0.0027130842208862305,0.004580450709909201
linear2,2.532642364501953,2.53951358795166,0.011600643396377563,1.0027130842208862,0.004580450709909201,1.0034788846969604,1.3457492059387732e-05,"[1.7944811582565308, 1.7872086763381958]","[1.8007240295410156, 1.7906765937805176]",exp_07_tms_5_2_2layer_tied_rep1,2,tied,1,25000,0.19818206131458282,0.5915394425392151,-0.0027130842208862305,0.004580450709909201
linear1,2.532642364501953,2.538630723953247,0.007578281685709953,1.0023645162582397,0.0029922430403530598,1.0030254125595093,5.743034762417665e-06,"[1.7944810390472412, 1.7872087955474854]","[1.799910068511963, 1.7902427911758423]",exp_07_tms_5_2_2layer_tied_rep1,2,tied,1,30000,0.19840796291828156,0.5915774703025818,-0.002364516258239746,0.0029922430403530598
linear2,2.532642364501953,2.538630723953247,0.007578281685709953,1.0023645162582397,0.0029922430403530598,1.0030254125595093,5.743034762417665e-06,"[1.7944811582565308, 1.7872086763381958]","[1.799910306930542, 1.7902426719665527]",exp_07_tms_5_2_2layer_tied_rep1,2,tied,1,30000,0.19840796291828156,0.5915774703025818,-0.002364516258239746,0.0029922430403530598
linear1,2.532642364501953,2.5393905639648438,0.007891126908361912,1.0026644468307495,0.003115768311545253,1.0034871101379395,6.226987807167461e-06,"[1.7944810390472412, 1.7872087955474854]","[1.8007386922836304, 1.7904874086380005]",exp_07_tms_5_2_2layer_tied_rep1,2,tied,1,35000,0.198388010263443,0.5919195413589478,-0.0026644468307495117,0.003115768311545253
linear2,2.532642364501953,2.5393905639648438,0.007891126908361912,1.0026644468307495,0.003115768311545253,1.0034871101379395,6.22698735242011e-06,"[1.7944811582565308, 1.7872086763381958]","[1.8007386922836304, 1.7904874086380005]",exp_07_tms_5_2_2layer_tied_rep1,2,tied,1,35000,0.198388010263443,0.5919195413589478,-0.0026644468307495117,0.003115768311545253
linear1,2.532642364501953,2.540832281112671,0.008273815736174583,1.003233790397644,0.0032668709754943848,1.0032330751419067,6.84560200170381e-06,"[1.7944810390472412, 1.7872087955474854]","[1.8002827167510986, 1.7929891347885132]",exp_07_tms_5_2_2layer_tied_rep1,2,tied,1,40000,0.1980680376291275,0.5917880535125732,-0.003233790397644043,0.0032668709754943848
linear2,2.532642364501953,2.540832281112671,0.008273815736174583,1.003233790397644,0.0032668709754943848,1.0032329559326172,6.84560200170381e-06,"[1.7944811582565308, 1.7872086763381958]","[1.800282597541809, 1.7929893732070923]",exp_07_tms_5_2_2layer_tied_rep1,2,tied,1,40000,0.1980680376291275,0.5917880535125732,-0.003233790397644043,0.0032668709754943848
linear1,2.304185390472412,2.2847015857696533,0.06769098341464996,0.9915441870689392,0.029377402737736702,0.9956362843513489,0.00045820692321285605,"[1.6802455186843872, 1.5767197608947754]","[1.6729134321212769, 1.5560275316238403]",exp_07_tms_5_2_2layer_untied_rep1,2,untied,1,5000,0.45900118350982666,0.9153996706008911,0.008455812931060791,0.029377402737736702
linear2,2.304185390472412,2.312863349914551,0.14190573990345,1.0037661790847778,0.06158607825636864,1.0100281238555908,0.00201372429728508,"[1.6802453994750977, 1.576719880104065]","[1.6970951557159424, 1.5713703632354736]",exp_07_tms_5_2_2layer_untied_rep1,2,untied,1,5000,0.31251466274261475,0.7614049315452576,-0.003766179084777832,0.06158607825636864
linear1,2.304185390472412,2.2841386795043945,0.06918219476938248,0.9912998676300049,0.030024578794836998,0.9915571212768555,0.00047861755592748523,"[1.6802455186843872, 1.5767197608947754]","[1.6660593748092651, 1.5625413656234741]",exp_07_tms_5_2_2layer_untied_rep1,2,untied,1,10000,0.4564359188079834,0.903927206993103,0.008700132369995117,0.030024578794836998
linear2,2.304185390472412,2.3138527870178223,0.15491187572479248,1.0041955709457397,0.06723064929246902,1.0139583349227905,0.002399768913164735,"[1.6802453994750977, 1.576719880104065]","[1.7036988735198975, 1.5656707286834717]",exp_07_tms_5_2_2layer_untied_rep1,2,untied,1,10000,0.3140394985675812,0.7689678072929382,-0.004195570945739746,0.06723064929246902
linear1,2.304185390472412,2.299910306930542,0.03170705959200859,0.9981446266174316,0.013760637491941452,1.000941276550293,0.0001005337544484064,"[1.6802455186843872, 1.5767197608947754]","[1.681827187538147, 1.568771481513977]",exp_07_tms_5_2_2layer_untied_rep1,2,untied,1,15000,0.4472629725933075,0.8877806067466736,0.0018553733825683594,0.013760637491941452
linear2,2.304185390472412,2.30964732170105,0.11593472212553024,1.0023704767227173,0.05031483992934227,1.0114099979400635,0.0013440860202535987,"[1.6802453994750977, 1.576719880104065]","[1.699416995048523, 1.5641143321990967]",exp_07_tms_5_2_2layer_untied_rep1,2,untied,1,15000,0.3156314194202423,0.7723604440689087,-0.002370476722717285,0.05031483992934227
linear1,2.304185390472412,2.298469305038452,0.027774250134825706,0.9975192546844482,0.01205382589250803,0.9980244636535645,7.714090315857902e-05,"[1.6802455186843872, 1.5767197608947754]","[1.6769261360168457, 1.5719032287597656]",exp_07_tms_5_2_2layer_untied_rep1,2,untied,1,20000,0.44615596532821655,0.8885619640350342,0.002480745315551758,0.01205382589250803
linear2,2.304185390472412,2.3059916496276855,0.10714919120073318,1.000783920288086,0.04650198295712471,1.0072622299194336,0.0011480948887765408,"[1.6802453994750977, 1.576719880104065]","[1.6924476623535156, 1.5662754774093628]",exp_07_tms_5_2_2layer_untied_rep1,2,untied,1,20000,0.31411826610565186,0.7725915908813477,-0.0007839202880859375,0.04650198295712471
linear1,2.304185390472412,2.2982165813446045,0.026442626491189003,0.9974095821380615,0.011475911363959312,0.997687578201294,6.992125418037176e-05,"[1.6802455186843872, 1.5767197608947754]","[1.6763601303100586, 1.5721372365951538]",exp_07_tms_5_2_2layer_untied_rep1,2,untied,1,25000,0.4457273483276367,0.8894332647323608,0.0025904178619384766,0.011475911363959312
linear2,2.304185390472412,2.307654619216919,0.1158241331577301,1.0015056133270264,0.050266847014427185,1.0097589492797852,0.001341522904112935,"[1.6802453994750977, 1.576719880104065]","[1.6966427564620972, 1.5641844272613525]",exp_07_tms_5_2_2layer_untied_rep1,2,untied,1,25000,0.3162645697593689,0.7750054001808167,-0.0015056133270263672,0.050266847014427185
linear1,2.304185390472412,2.2957558631896973,0.03648263216018677,0.9963416457176208,0.01583320088684559,0.9956393241882324,0.00013309823407325894,"[1.6802455186843872, 1.5767197608947754]","[1.6729185581207275, 1.5722084045410156]",exp_07_tms_5_2_2layer_untied_rep1,2,untied,1,30000,0.44749879837036133,0.8929889798164368,0.0036583542823791504,0.01583320088684559
linear2,2.304185390472412,2.3092353343963623,0.11553152650594711,1.0021916627883911,0.05013985559344292,1.0106074810028076,0.0013347534695640206,"[1.6802453994750977, 1.576719880104065]","[1.6980684995651245, 1.5649702548980713]",exp_07_tms_5_2_2layer_untied_rep1,2,untied,1,30000,0.3177933692932129,0.7770048379898071,-0.0021916627883911133,0.05013985559344292
linear1,2.304185390472412,2.298771381378174,0.029742402955889702,0.9976503849029541,0.012907990254461765,0.9970737099647522,8.846105629345402e-05,"[1.6802455186843872, 1.5767197608947754]","[1.6753286123275757, 1.5740467309951782]",exp_07_tms_5_2_2layer_untied_rep1,2,untied,1,35000,0.44687989354133606,0.8918992877006531,0.0023496150970458984,0.012907990254461765
linear2,2.304185390472412,2.3096930980682373,0.11315707117319107,1.0023902654647827,0.049109362065792084,1.0105890035629272,0.0012804523576050997,"[1.6802453994750977, 1.576719880104065]","[1.6980375051498413, 1.5656787157058716]",exp_07_tms_5_2_2layer_untied_rep1,2,untied,1,35000,0.31753236055374146,0.776240348815918,-0.002390265464782715,0.049109362065792084
linear1,2.304185390472412,2.2983078956604004,0.034143418073654175,0.9974492192268372,0.014817999675869942,0.9979183077812195,0.00011657729919534177,"[1.6802455186843872, 1.5767197608947754]","[1.6767477989196777, 1.5718578100204468]",exp_07_tms_5_2_2layer_untied_rep1,2,untied,1,40000,0.4479127526283264,0.8925290107727051,0.002550780773162842,0.014817999675869942
linear2,2.304185390472412,2.311349630355835,0.11417422443628311,1.0031092166900635,0.049550797790288925,1.011508584022522,0.0013035752344876528,"[1.6802453994750977, 1.576719880104065]","[1.6995826959609985, 1.5664464235305786]",exp_07_tms_5_2_2layer_untied_rep1,2,untied,1,40000,0.3173750936985016,0.7763841152191162,-0.0031092166900634766,0.049550797790288925
linear1,2.201704740524292,2.2105109691619873,0.025741521269083023,1.0039997100830078,0.011691631749272346,1.00324285030365,6.626259710174054e-05,"[1.7000540494918823, 1.3990427255630493]","[1.7055671215057373, 1.4062004089355469]",exp_07_tms_5_2_3layer_tied_rep1,3,tied,1,5000,0.2114897221326828,0.6175715327262878,-0.0039997100830078125,0.011691631749272346
linear2,2.201704740524292,2.2105109691619873,0.025741521269083023,1.0039997100830078,0.011691631749272346,1.00324285030365,6.626258982578292e-05,"[1.7000542879104614, 1.3990426063537598]","[1.7055673599243164, 1.4062001705169678]",exp_07_tms_5_2_3layer_tied_rep1,3,tied,1,5000,0.2114897221326828,0.6175715327262878,-0.0039997100830078125,0.011691631749272346
hidden_layers.0,1.9800277948379517,1.973251461982727,0.010015944018959999,0.9965776801109314,0.005058486480265856,0.9974087476730347,2.507978570065461e-05,"[1.6324187517166138, 1.1205888986587524]","[1.6281887292861938, 1.1147749423980713]",exp_07_tms_5_2_3layer_tied_rep1,3,tied,1,5000,0.5073537826538086,0.9798281192779541,0.0034223198890686035,0.005058486480265856
linear1,2.201704740524292,2.203346014022827,0.016448581591248512,1.000745415687561,0.007470839191228151,1.0013163089752197,2.7055581085733138e-05,"[1.7000540494918823, 1.3990427255630493]","[1.7022918462753296, 1.3989055156707764]",exp_07_tms_5_2_3layer_tied_rep1,3,tied,1,10000,0.2124365121126175,0.6189051866531372,-0.0007454156875610352,0.007470839191228151
linear2,2.201704740524292,2.203346014022827,0.016448581591248512,1.000745415687561,0.007470839191228151,1.0013161897659302,2.7055581085733138e-05,"[1.7000542879104614, 1.3990426063537598]","[1.7022918462753296, 1.3989055156707764]",exp_07_tms_5_2_3layer_tied_rep1,3,tied,1,10000,0.2124365121126175,0.6189051866531372,-0.0007454156875610352,0.007470839191228151
hidden_layers.0,1.9800277948379517,1.9777954816818237,0.0024070360232144594,0.9988725781440735,0.0012156576849520206,0.9986516237258911,1.4484555777016794e-06,"[1.6324187517166138, 1.1205888986587524]","[1.6302176713943481, 1.119850516319275]",exp_07_tms_5_2_3layer_tied_rep1,3,tied,1,10000,0.5070354342460632,0.9804449677467346,0.0011274218559265137,0.0012156576849520206
linear1,2.201704740524292,2.2062487602233887,0.016944576054811478,1.0020638704299927,0.007696116343140602,1.0009160041809082,2.8711865525110625e-05,"[1.7000540494918823, 1.3990427255630493]","[1.7016112804412842, 1.404297947883606]",exp_07_tms_5_2_3layer_tied_rep1,3,tied,1,15000,0.21348527073860168,0.6197456121444702,-0.0020638704299926758,0.007696116343140602
linear2,2.201704740524292,2.2062487602233887,0.016944576054811478,1.0020638704299927,0.007696116343140602,1.0009158849716187,2.8711865525110625e-05,"[1.7000542879104614, 1.3990426063537598]","[1.7016113996505737, 1.404297947883606]",exp_07_tms_5_2_3layer_tied_rep1,3,tied,1,15000,0.21348527073860168,0.6197456121444702,-0.0020638704299926758,0.007696116343140602
hidden_layers.0,1.9800277948379517,1.9850090742111206,0.008318203501403332,1.0025157928466797,0.004201054107397795,1.0034738779067993,1.7298129023401998e-05,"[1.6324187517166138, 1.1205888986587524]","[1.6380895376205444, 1.1211260557174683]",exp_07_tms_5_2_3layer_tied_rep1,3,tied,1,15000,0.5098565816879272,0.9862663745880127,-0.0025157928466796875,0.004201054107397795
linear1,2.201704740524292,2.211529016494751,0.013242238201200962,1.0044621229171753,0.006014538463205099,1.004483938217163,1.7535687220515683e-05,"[1.7000540494918823, 1.3990427255630493]","[1.7076770067214966, 1.4052398204803467]",exp_07_tms_5_2_3layer_tied_rep1,3,tied,1,20000,0.21147145330905914,0.6201193928718567,-0.004462122917175293,0.006014538463205099
linear2,2.201704740524292,2.211529016494751,0.013242238201200962,1.0044621229171753,0.006014538463205099,1.0044838190078735,1.7535687220515683e-05,"[1.7000542879104614, 1.3990426063537598]","[1.7076770067214966, 1.4052398204803467]",exp_07_tms_5_2_3layer_tied_rep1,3,tied,1,20000,0.21147145330905914,0.6201193928718567,-0.004462122917175293,0.006014538463205099
hidden_layers.0,1.9800277948379517,1.983540654182434,0.004866456612944603,1.0017741918563843,0.0024577719159424305,1.002869963645935,5.9205995057709515e-06,"[1.6324187517166138, 1.1205888986587524]","[1.6371036767959595, 1.1199666261672974]",exp_07_tms_5_2_3layer_tied_rep1,3,tied,1,20000,0.5063371062278748,0.9708616733551025,-0.0017741918563842773,0.0024577719159424305
linear1,2.201704740524292,2.2080583572387695,0.008301357738673687,1.0028858184814453,0.003770422888919711,1.0027929544448853,6.891254543006653e-06,"[1.7000540494918823, 1.3990427255630493]","[1.70480215549469, 1.4032721519470215]",exp_07_tms_5_2_3layer_tied_rep1,3,tied,1,25000,0.21025405824184418,0.6179036498069763,-0.0028858184814453125,0.003770422888919711
linear2,2.201704740524292,2.2080583572387695,0.008301357738673687,1.0028858184814453,0.003770422888919711,1.0027928352355957,6.891253633511951e-06,"[1.7000542879104614, 1.3990426063537598]","[1.7048022747039795, 1.403272032737732]",exp_07_tms_5_2_3layer_tied_rep1,3,tied,1,25000,0.21025405824184418,0.6179036498069763,-0.0028858184814453125,0.003770422888919711
hidden_layers.0,1.9800277948379517,1.9831057786941528,0.0049374159425497055,1.0015544891357422,0.0024936094414442778,1.00150465965271,6.094518994359532e-06,"[1.6324187517166138, 1.1205888986587524]","[1.634874939918518, 1.122449278831482]",exp_07_tms_5_2_3layer_tied_rep1,3,tied,1,25000,0.5054786205291748,0.9672157168388367,-0.0015544891357421875,0.0024936094414442778
linear1,2.201704740524292,2.2086474895477295,0.009082869626581669,1.0031533241271973,0.004125380422919989,1.0025794506072998,8.249851816799492e-06,"[1.7000540494918823, 1.3990427255630493]","[1.7044391632080078, 1.4046393632888794]",exp_07_tms_5_2_3layer_tied_rep1,3,tied,1,30000,0.2110956758260727,0.6197150945663452,-0.0031533241271972656,0.004125380422919989
linear2,2.201704740524292,2.2086474895477295,0.009082869626581669,1.0031533241271973,0.004125380422919989,1.0025792121887207,8.249851816799492e-06,"[1.7000542879104614, 1.3990426063537598]","[1.7044391632080078, 1.404639482498169]",exp_07_tms_5_2_3layer_tied_rep1,3,tied,1,30000,0.2110956758260727,0.61971515417099,-0.0031533241271972656,0.004125380422919989
hidden_layers.0,1.9800277948379517,1.9850974082946777,0.005319214425981045,1.0025603771209717,0.002686434192582965,1.0028631687164307,7.0735104600316845e-06,"[1.6324187517166138, 1.1205888986587524]","[1.6370925903320312, 1.1227374076843262]",exp_07_tms_5_2_3layer_tied_rep1,3,tied,1,30000,0.504834771156311,0.9690840244293213,-0.0025603771209716797,0.002686434192582965
linear1,2.201704740524292,2.208481788635254,0.0071294717490673065,1.0030781030654907,0.0032381596975028515,1.002642273902893,5.082937605038751e-06,"[1.7000540494918823, 1.3990427255630493]","[1.7045460939407349, 1.4042490720748901]",exp_07_tms_5_2_3layer_tied_rep1,3,tied,1,35000,0.2109024077653885,0.6183971166610718,-0.0030781030654907227,0.0032381596975028515
linear2,2.201704740524292,2.208481788635254,0.0071294717490673065,1.0030781030654907,0.0032381596975028515,1.002642273902893,5.082937605038751e-06,"[1.7000542879104614, 1.3990426063537598]","[1.7045462131500244, 1.4042489528656006]",exp_07_tms_5_2_3layer_tied_rep1,3,tied,1,35000,0.2109024077653885,0.6183971166610718,-0.0030781030654907227,0.0032381596975028515
hidden_layers.0,1.9800277948379517,1.9861832857131958,0.006277525797486305,1.0031087398529053,0.003170422976836562,1.0031344890594482,9.851833056018222e-06,"[1.6324187517166138, 1.1205888986587524]","[1.637535572052002, 1.124011516571045]",exp_07_tms_5_2_3layer_tied_rep1,3,tied,1,35000,0.5058125853538513,0.9692369103431702,-0.0031087398529052734,0.003170422976836562
linear1,2.201704740524292,2.2093114852905273,0.007790147326886654,1.0034549236297607,0.003538234392181039,1.0034699440002441,6.068639322620584e-06,"[1.7000540494918823, 1.3990427255630493]","[1.7059532403945923, 1.4038447141647339]",exp_07_tms_5_2_3layer_tied_rep1,3,tied,1,40000,0.21075423061847687,0.617978036403656,-0.003454923629760742,0.003538234392181039
linear2,2.201704740524292,2.2093114852905273,0.007790147326886654,1.0034549236297607,0.003538234392181039,1.0034698247909546,6.068639322620584e-06,"[1.7000542879104614, 1.3990426063537598]","[1.7059532403945923, 1.4038445949554443]",exp_07_tms_5_2_3layer_tied_rep1,3,tied,1,40000,0.21075423061847687,0.617978036403656,-0.003454923629760742,0.003538234392181039
hidden_layers.0,1.9800277948379517,1.9864838123321533,0.006466218736022711,1.003260612487793,0.003265721257776022,1.0033541917800903,1.0452996320964303e-05,"[1.6324187517166138, 1.1205888986587524]","[1.6378942728042603, 1.1240195035934448]",exp_07_tms_5_2_3layer_tied_rep1,3,tied,1,40000,0.5055565237998962,0.969588041305542,-0.0032606124877929688,0.003265721257776022
linear1,1.7514567375183105,1.7447121143341064,0.08458071947097778,0.9961491227149963,0.0482916422188282,1.0167944431304932,0.0007153897895477712,"[1.5205098390579224, 0.8692819476127625]","[1.5460458993911743, 0.808555543422699]",exp_07_tms_5_2_3layer_untied_rep1,3,untied,1,5000,0.49193888902664185,0.7232691049575806,0.003850877285003662,0.0482916422188282
linear2,1.7514567375183105,1.8300671577453613,0.19635683298110962,1.044882893562317,0.11211058497428894,1.0616741180419922,0.003855600254610181,"[1.5205096006393433, 0.8692820072174072]","[1.6142857074737549, 0.8621060848236084]",exp_07_tms_5_2_3layer_untied_rep1,3,untied,1,5000,0.3380848467350006,0.689548134803772,-0.044882893562316895,0.11211058497428894
hidden_layers.0,1.8929394483566284,1.9670466184616089,0.1371690034866333,1.039149284362793,0.0724634900689125,1.0251190662384033,0.0047038341872394085,"[1.625439167022705, 0.9701377153396606]","[1.6662685871124268, 1.0453808307647705]",exp_07_tms_5_2_3layer_untied_rep1,3,untied,1,5000,0.4037286043167114,0.7621543407440186,-0.03914928436279297,0.0724634900689125
linear1,1.7514567375183105,1.7414714097976685,0.06848403066396713,0.9942988157272339,0.03910118341445923,1.0080788135528564,0.00046900619054213166,"[1.5205098390579224, 0.8692819476127625]","[1.5327937602996826, 0.8265992999076843]",exp_07_tms_5_2_3layer_untied_rep1,3,untied,1,10000,0.4836275577545166,0.7183437347412109,0.005701184272766113,0.03910118341445923
linear2,1.7514567375183105,1.812520146369934,0.2019364982843399,1.0348643064498901,0.11529631167650223,1.0462775230407715,0.004077835474163294,"[1.5205096006393433, 0.8692820072174072]","[1.5908750295639038, 0.8685309290885925]",exp_07_tms_5_2_3layer_untied_rep1,3,untied,1,10000,0.3397391438484192,0.707677960395813,-0.03486430644989014,0.11529631167650223
hidden_layers.0,1.8929394483566284,1.974467396736145,0.15226969122886658,1.0430694818496704,0.08044086396694183,1.0385302305221558,0.005796514451503754,"[1.625439167022705, 0.9701377153396606]","[1.6880676746368408, 1.0241825580596924]",exp_07_tms_5_2_3layer_untied_rep1,3,untied,1,10000,0.4019543528556824,0.7576992511749268,-0.04306948184967041,0.08044086396694183
linear1,1.7514567375183105,1.7585241794586182,0.05218714103102684,1.004035234451294,0.0297964196652174,1.0170890092849731,0.0002723498037084937,"[1.5205098390579224, 0.8692819476127625]","[1.5464937686920166, 0.837117075920105]",exp_07_tms_5_2_3layer_untied_rep1,3,untied,1,15000,0.4824942350387573,0.7136710286140442,-0.004035234451293945,0.0297964196652174
linear2,1.7514567375183105,1.8187659978866577,0.2138841450214386,1.0384304523468018,0.12211785465478897,1.0502843856811523,0.0045746429823338985,"[1.5205096006393433, 0.8692820072174072]","[1.5969674587249756, 0.8704049587249756]",exp_07_tms_5_2_3layer_untied_rep1,3,untied,1,15000,0.3436262905597687,0.7188909649848938,-0.03843045234680176,0.12211785465478897
hidden_layers.0,1.8929394483566284,1.9612048864364624,0.1351078748703003,1.0360631942749023,0.07137463986873627,1.0331802368164062,0.004563534166663885,"[1.625439167022705, 0.9701377153396606]","[1.67937171459198, 1.0129340887069702]",exp_07_tms_5_2_3layer_untied_rep1,3,untied,1,15000,0.39480605721473694,0.7487863898277283,-0.036063194274902344,0.07137463986873627
linear1,1.7514567375183105,1.7434614896774292,0.06180286779999733,0.9954350590705872,0.0352865494787693,1.0112392902374268,0.000381959427613765,"[1.5205098390579224, 0.8692819476127625]","[1.5375993251800537, 0.8218551874160767]",exp_07_tms_5_2_3layer_untied_rep1,3,untied,1,20000,0.4843031167984009,0.7147846817970276,0.004564940929412842,0.0352865494787693
linear2,1.7514567375183105,1.8495510816574097,0.23304632306098938,1.0560072660446167,0.133058562874794,1.0723997354507446,0.005431058816611767,"[1.5205096006393433, 0.8692820072174072]","[1.63059401512146, 0.8729278445243835]",exp_07_tms_5_2_3layer_untied_rep1,3,untied,1,20000,0.34777915477752686,0.7270119786262512,-0.0560072660446167,0.133058562874794
hidden_layers.0,1.8929394483566284,1.980592966079712,0.14654022455215454,1.046305537223816,0.07741411030292511,1.0333508253097534,0.005368508864194155,"[1.625439167022705, 0.9701377153396606]","[1.679648995399475, 1.049537181854248]",exp_07_tms_5_2_3layer_untied_rep1,3,untied,1,20000,0.39552798867225647,0.7472066283226013,-0.04630553722381592,0.07741411030292511
linear1,1.7514567375183105,1.7451777458190918,0.06269510090351105,0.9964149594306946,0.03579597547650337,1.0124483108520508,0.0003930675738956779,"[1.5205098390579224, 0.8692819476127625]","[1.5394376516342163, 0.8220568895339966]",exp_07_tms_5_2_3layer_untied_rep1,3,untied,1,25000,0.48433125019073486,0.7145180702209473,0.00358504056930542,0.03579597547650337
linear2,1.7514567375183105,1.826419472694397,0.22345757484436035,1.0428001880645752,0.127583846449852,1.0547024011611938,0.004993328358978033,"[1.5205096006393433, 0.8692820072174072]","[1.6036851406097412, 0.8740720152854919]",exp_07_tms_5_2_3layer_untied_rep1,3,untied,1,25000,0.348117470741272,0.7282031178474426,-0.042800188064575195,0.127583846449852
hidden_layers.0,1.8929394483566284,1.9790074825286865,0.1570391058921814,1.0454679727554321,0.08296044915914536,1.0332053899765015,0.006165320053696632,"[1.625439167022705, 0.9701377153396606]","[1.6794124841690063, 1.0469213724136353]",exp_07_tms_5_2_3layer_untied_rep1,3,untied,1,25000,0.395710289478302,0.7500610947608948,-0.04546797275543213,0.08296044915914536
linear1,1.7514567375183105,1.7457112073898315,0.061586346477270126,0.9967195987701416,0.03516292944550514,1.0130512714385986,0.0003792877832893282,"[1.5205098390579224, 0.8692819476127625]","[1.5403544902801514, 0.8214713335037231]",exp_07_tms_5_2_3layer_untied_rep1,3,untied,1,30000,0.48484140634536743,0.7148902416229248,0.0032804012298583984,0.03516292944550514
linear2,1.7514567375183105,1.8216983079910278,0.22274121642112732,1.040104627609253,0.12717483937740326,1.0518453121185303,0.0049613649025559425,"[1.5205096006393433, 0.8692820072174072]","[1.5993409156799316, 0.872177243232727]",exp_07_tms_5_2_3layer_untied_rep1,3,untied,1,30000,0.3478499948978424,0.7286299467086792,-0.04010462760925293,0.12717483937740326
hidden_layers.0,1.8929394483566284,1.9657728672027588,0.1274883896112442,1.0384763479232788,0.06734942644834518,1.0321217775344849,0.004063322674483061,"[1.625439167022705, 0.9701377153396606]","[1.6776511669158936, 1.0245729684829712]",exp_07_tms_5_2_3layer_untied_rep1,3,untied,1,30000,0.39137187600135803,0.7441455721855164,-0.03847634792327881,0.06734942644834518
linear1,1.7514567375183105,1.745456337928772,0.06099666282534599,0.9965740442276001,0.03482624515891075,1.012558937072754,0.0003720593231264502,"[1.5205098390579224, 0.8692819476127625]","[1.539605736732483, 0.8223332762718201]",exp_07_tms_5_2_3layer_untied_rep1,3,untied,1,35000,0.48539167642593384,0.7163590788841248,0.0034259557723999023,0.03482624515891075
linear2,1.7514567375183105,1.8208671808242798,0.2253858894109726,1.0396301746368408,0.12868481874465942,1.0511873960494995,0.005079879891127348,"[1.5205096006393433, 0.8692820072174072]","[1.5983405113220215, 0.8722760081291199]",exp_07_tms_5_2_3layer_untied_rep1,3,untied,1,35000,0.34723445773124695,0.7278972268104553,-0.03963017463684082,0.12868481874465942
hidden_layers.0,1.8929394483566284,1.9650566577911377,0.1250518560409546,1.0380979776382446,0.06606225669384003,1.0290706157684326,0.0039094919338822365,"[1.625439167022705, 0.9701377153396606]","[1.6726917028427124, 1.0312856435775757]",exp_07_tms_5_2_3layer_untied_rep1,3,untied,1,35000,0.39425382018089294,0.7467285990715027,-0.03809797763824463,0.06606225669384003
linear1,1.7514567375183105,1.7445234060287476,0.06442027539014816,0.9960414171218872,0.03678096830844879,1.0130627155303955,0.0004149971646256745,"[1.5205098390579224, 0.8692819476127625]","[1.5403717756271362, 0.8189119100570679]",exp_07_tms_5_2_3layer_untied_rep1,3,untied,1,40000,0.48572924733161926,0.7167568206787109,0.003958582878112793,0.03678096830844879
linear2,1.7514567375183105,1.8234935998916626,0.22404637932777405,1.0411297082901,0.1279200166463852,1.0528961420059204,0.005019678268581629,"[1.5205096006393433, 0.8692820072174072]","[1.6009386777877808, 0.8729969263076782]",exp_07_tms_5_2_3layer_untied_rep1,3,untied,1,40000,0.34713536500930786,0.7280932068824768,-0.0411297082901001,0.1279200166463852
hidden_layers.0,1.8929394483566284,1.962416172027588,0.12095566093921661,1.036703109741211,0.06389832496643066,1.0279415845870972,0.0036575677804648876,"[1.625439167022705, 0.9701377153396606]","[1.6708564758300781, 1.0292305946350098]",exp_07_tms_5_2_3layer_untied_rep1,3,untied,1,40000,0.39404869079589844,0.7465695142745972,-0.03670310974121094,0.06389832496643066
linear1,2.0312249660491943,2.0337326526641846,0.020821737125515938,1.001234531402588,0.010250827297568321,1.004988193511963,4.3354481022106484e-05,"[1.6080676317214966, 1.2409647703170776]","[1.6160889863967896, 1.234635829925537]",exp_07_tms_5_2_4layer_tied_rep1,4,tied,1,5000,0.21837209165096283,0.6270784735679626,-0.0012345314025878906,0.010250827297568321
linear2,2.0312249660491943,2.0337326526641846,0.020821737125515938,1.001234531402588,0.010250827297568321,1.004988193511963,4.3354481022106484e-05,"[1.6080676317214966, 1.240964651107788]","[1.6160889863967896, 1.234635829925537]",exp_07_tms_5_2_4layer_tied_rep1,4,tied,1,5000,0.21837209165096283,0.6270784735679626,-0.0012345314025878906,0.010250827297568321
hidden_layers.0,1.9393993616104126,1.947902798652649,0.015084647573530674,1.0043845176696777,0.007777999620884657,1.0054824352264404,5.688664168701507e-05,"[1.5789687633514404, 1.126111626625061]","[1.5876253843307495, 1.1286146640777588]",exp_07_tms_5_2_4layer_tied_rep1,4,tied,1,5000,0.5535660982131958,0.9797422885894775,-0.004384517669677734,0.007777999620884657
hidden_layers.1,1.723264455795288,1.717949390411377,0.008225969970226288,0.9969156980514526,0.0047734808176755905,0.995303750038147,1.6916646927711554e-05,"[1.3260873556137085, 1.1005148887634277]","[1.3198597431182861, 1.0996911525726318]",exp_07_tms_5_2_4layer_tied_rep1,4,tied,1,5000,0.520266592502594,0.9814220666885376,0.0030843019485473633,0.0047734808176755905
linear1,2.0312249660491943,2.0343165397644043,0.012199322693049908,1.0015220642089844,0.0060058943927288055,1.0016720294952393,1.4882347386446781e-05,"[1.6080676317214966, 1.2409647703170776]","[1.6107563972473145, 1.2425404787063599]",exp_07_tms_5_2_4layer_tied_rep1,4,tied,1,10000,0.21807675063610077,0.6283380389213562,-0.001522064208984375,0.0060058943927288055
linear2,2.0312249660491943,2.0343165397644043,0.012199322693049908,1.0015220642089844,0.0060058943927288055,1.0016721487045288,1.4882345567457378e-05,"[1.6080676317214966, 1.240964651107788]","[1.610756516456604, 1.2425404787063599]",exp_07_tms_5_2_4layer_tied_rep1,4,tied,1,10000,0.21807676553726196,0.628338098526001,-0.001522064208984375,0.0060058943927288055
hidden_layers.0,1.9393993616104126,1.948656439781189,0.014840933494269848,1.0047731399536133,0.0076523348689079285,1.0057631731033325,5.506333036464639e-05,"[1.5789687633514404, 1.126111626625061]","[1.5880687236785889, 1.1292918920516968]",exp_07_tms_5_2_4layer_tied_rep1,4,tied,1,10000,0.5546622276306152,0.9792907238006592,-0.004773139953613281,0.0076523348689079285
hidden_layers.1,1.723264455795288,1.723586082458496,0.006355228368192911,1.0001866817474365,0.00368790072388947,0.9985318183898926,1.0097232006955892e-05,"[1.3260873556137085, 1.1005148887634277]","[1.3241404294967651, 1.1033591032028198]",exp_07_tms_5_2_4layer_tied_rep1,4,tied,1,10000,0.5236026644706726,0.9852155447006226,-0.00018668174743652344,0.00368790072388947
linear1,2.0312249660491943,2.035748243331909,0.016748396679759026,1.0022268295288086,0.008245466277003288,1.004000186920166,2.8050879336660728e-05,"[1.6080676317214966, 1.2409647703170776]","[1.6145002841949463, 1.2400240898132324]",exp_07_tms_5_2_4layer_tied_rep1,4,tied,1,15000,0.2196655124425888,0.6284796595573425,-0.0022268295288085938,0.008245466277003288
linear2,2.0312249660491943,2.035748243331909,0.016748396679759026,1.0022268295288086,0.008245466277003288,1.0040003061294556,2.8050879336660728e-05,"[1.6080676317214966, 1.240964651107788]","[1.6145004034042358, 1.2400239706039429]",exp_07_tms_5_2_4layer_tied_rep1,4,tied,1,15000,0.2196655124425888,0.6284796595573425,-0.0022268295288085938,0.008245466277003288
hidden_layers.0,1.9393993616104126,1.9383282661437988,0.00774535583332181,0.9994477033615112,0.003993688151240349,0.9982320070266724,1.4997634934843518e-05,"[1.5789687633514404, 1.126111626625061]","[1.5761771202087402, 1.1281764507293701]",exp_07_tms_5_2_4layer_tied_rep1,4,tied,1,15000,0.5556271076202393,0.9826695919036865,0.0005522966384887695,0.003993688151240349
hidden_layers.1,1.723264455795288,1.7199758291244507,0.004332083277404308,0.9980916380882263,0.0025138817727565765,0.9984270930290222,4.69173619421781e-06,"[1.3260873556137085, 1.1005148887634277]","[1.3240015506744385, 1.0978782176971436]",exp_07_tms_5_2_4layer_tied_rep1,4,tied,1,15000,0.5173677206039429,0.9810715913772583,0.0019083619117736816,0.0025138817727565765
linear1,2.0312249660491943,2.03117299079895,0.011337167583405972,0.9999744296073914,0.005581443663686514,0.9986969232559204,1.2853134649049025e-05,"[1.6080676317214966, 1.2409647703170776]","[1.605972170829773, 1.243590235710144]",exp_07_tms_5_2_4layer_tied_rep1,4,tied,1,20000,0.22168897092342377,0.626117467880249,2.5570392608642578e-05,0.005581443663686514
linear2,2.0312249660491943,2.03117299079895,0.011337167583405972,0.9999744296073914,0.005581443663686514,0.9986969828605652,1.2853136468038429e-05,"[1.6080676317214966, 1.240964651107788]","[1.6059722900390625, 1.243589997291565]",exp_07_tms_5_2_4layer_tied_rep1,4,tied,1,20000,0.22168897092342377,0.626117467880249,2.5570392608642578e-05,0.005581443663686514
hidden_layers.0,1.9393993616104126,1.9444717168807983,0.008482486940920353,1.0026154518127441,0.004373770207166672,1.004382848739624,1.798814810172189e-05,"[1.5789687633514404, 1.126111626625061]","[1.585889220237732, 1.1251333951950073]",exp_07_tms_5_2_4layer_tied_rep1,4,tied,1,20000,0.5558567643165588,0.9831869602203369,-0.0026154518127441406,0.004373770207166672
hidden_layers.1,1.723264455795288,1.7237727642059326,0.002479782560840249,1.0002949237823486,0.0014390029245987535,1.0013515949249268,1.5373300357168773e-06,"[1.3260873556137085, 1.1005148887634277]","[1.3278796672821045, 1.0991488695144653]",exp_07_tms_5_2_4layer_tied_rep1,4,tied,1,20000,0.5158800482749939,0.9705467820167542,-0.0002949237823486328,0.0014390029245987535
linear1,2.0312249660491943,2.0384280681610107,0.008747962303459644,1.0035462379455566,0.004306741990149021,1.0028607845306396,7.6526839620783e-06,"[1.6080676317214966, 1.2409647703170776]","[1.6126680374145508, 1.2467920780181885]",exp_07_tms_5_2_4layer_tied_rep1,4,tied,1,25000,0.22095970809459686,0.6241929531097412,-0.0035462379455566406,0.004306741990149021
linear2,2.0312249660491943,2.0384280681610107,0.008747962303459644,1.0035462379455566,0.004306741990149021,1.0028607845306396,7.652684871573001e-06,"[1.6080676317214966, 1.240964651107788]","[1.6126680374145508, 1.2467920780181885]",exp_07_tms_5_2_4layer_tied_rep1,4,tied,1,25000,0.22095973789691925,0.6241929531097412,-0.0035462379455566406,0.004306741990149021
hidden_layers.0,1.9393993616104126,1.939759373664856,0.0055398643016815186,1.0001856088638306,0.0028564846143126488,1.001904010772705,7.672524588997476e-06,"[1.5789687633514404, 1.126111626625061]","[1.5819752216339111, 1.1225062608718872]",exp_07_tms_5_2_4layer_tied_rep1,4,tied,1,25000,0.5585216879844666,0.9853811264038086,-0.0001856088638305664,0.0028564846143126488
hidden_layers.1,1.723264455795288,1.7296431064605713,0.006712210364639759,1.0037014484405518,0.0038950552698224783,1.0035245418548584,1.126344250224065e-05,"[1.3260873556137085, 1.1005148887634277]","[1.330761194229126, 1.1048710346221924]",exp_07_tms_5_2_4layer_tied_rep1,4,tied,1,25000,0.5163338780403137,0.9732402563095093,-0.003701448440551758,0.0038950552698224783
linear1,2.0312249660491943,2.0389647483825684,0.009822995401918888,1.0038104057312012,0.0048359958454966545,1.003567099571228,9.649124876887072e-06,"[1.6080676317214966, 1.2409647703170776]","[1.613803744316101, 1.2462002038955688]",exp_07_tms_5_2_4layer_tied_rep1,4,tied,1,30000,0.22027327120304108,0.6239076256752014,-0.003810405731201172,0.0048359958454966545
linear2,2.0312249660491943,2.0389647483825684,0.009822995401918888,1.0038104057312012,0.0048359958454966545,1.0035669803619385,9.649124876887072e-06,"[1.6080676317214966, 1.240964651107788]","[1.6138036251068115, 1.2462003231048584]",exp_07_tms_5_2_4layer_tied_rep1,4,tied,1,30000,0.22027327120304108,0.6239076256752014,-0.003810405731201172,0.0048359958454966545
hidden_layers.0,1.9393993616104126,1.9412386417388916,0.00447497982531786,1.000948429107666,0.0023074049968272448,1.0021511316299438,5.0063613343809266e-06,"[1.5789687633514404, 1.126111626625061]","[1.5823653936386108, 1.124511957168579]",exp_07_tms_5_2_4layer_tied_rep1,4,tied,1,30000,0.5577598214149475,0.9857847094535828,-0.0009484291076660156,0.0023074049968272448
hidden_layers.1,1.723264455795288,1.7297041416168213,0.006587074138224125,1.0037368535995483,0.003822439583018422,1.0036102533340454,1.0847385965462308e-05,"[1.3260873556137085, 1.1005148887634277]","[1.3308749198913574, 1.1048293113708496]",exp_07_tms_5_2_4layer_tied_rep1,4,tied,1,30000,0.5153976082801819,0.9685866832733154,-0.00373685359954834,0.003822439583018422
linear1,2.0312249660491943,2.039141893386841,0.009182650595903397,1.0038976669311523,0.004520745016634464,1.004023551940918,8.432107279077172e-06,"[1.6080676317214966, 1.2409647703170776]","[1.6145378351211548, 1.2455387115478516]",exp_07_tms_5_2_4layer_tied_rep1,4,tied,1,35000,0.2193194329738617,0.6235928535461426,-0.0038976669311523438,0.004520745016634464
linear2,2.0312249660491943,2.039141893386841,0.009182650595903397,1.0038976669311523,0.004520745016634464,1.0040234327316284,8.432107279077172e-06,"[1.6080676317214966, 1.240964651107788]","[1.6145375967025757, 1.2455389499664307]",exp_07_tms_5_2_4layer_tied_rep1,4,tied,1,35000,0.2193194329738617,0.6235928535461426,-0.0038976669311523438,0.004520745016634464
hidden_layers.0,1.9393993616104126,1.9407135248184204,0.004291865509003401,1.0006775856018066,0.0022129870485514402,1.0021233558654785,4.605027697834885e-06,"[1.5789687633514404, 1.126111626625061]","[1.5823214054107666, 1.1236671209335327]",exp_07_tms_5_2_4layer_tied_rep1,4,tied,1,35000,0.5575400590896606,0.9838292002677917,-0.0006775856018066406,0.0022129870485514402
hidden_layers.1,1.723264455795288,1.727924108505249,0.0047457353211939335,1.0027040243148804,0.002753921551629901,1.0028250217437744,5.630501163977897e-06,"[1.3260873556137085, 1.1005148887634277]","[1.3298336267471313, 1.1032969951629639]",exp_07_tms_5_2_4layer_tied_rep1,4,tied,1,35000,0.5142611265182495,0.9691687822341919,-0.002704024314880371,0.002753921551629901
linear1,2.0312249660491943,2.036985397338867,0.008774958550930023,1.002835988998413,0.004320032894611359,1.0029431581497192,7.699990419496316e-06,"[1.6080676317214966, 1.2409647703170776]","[1.6128004789352417, 1.2442600727081299]",exp_07_tms_5_2_4layer_tied_rep1,4,tied,1,40000,0.21940892934799194,0.6232801675796509,-0.002835988998413086,0.004320032894611359
linear2,2.0312249660491943,2.036985397338867,0.008774958550930023,1.002835988998413,0.004320032894611359,1.0029432773590088,7.699990419496316e-06,"[1.6080676317214966, 1.240964651107788]","[1.6128005981445312, 1.2442601919174194]",exp_07_tms_5_2_4layer_tied_rep1,4,tied,1,40000,0.21940892934799194,0.6232801675796509,-0.002835988998413086,0.004320032894611359
hidden_layers.0,1.9393993616104126,1.9413565397262573,0.005455185193568468,1.001009225845337,0.0028128221165388823,1.002726674079895,7.439761702698888e-06,"[1.5789687633514404, 1.126111626625061]","[1.5832741260528564, 1.1234358549118042]",exp_07_tms_5_2_4layer_tied_rep1,4,tied,1,40000,0.5586932301521301,0.9845166802406311,-0.001009225845336914,0.0028128221165388823
hidden_layers.1,1.723264455795288,1.7288401126861572,0.005587409250438213,1.0032355785369873,0.003242339938879013,1.0032492876052856,7.804785127518699e-06,"[1.3260873556137085, 1.1005148887634277]","[1.3303961753845215, 1.1040534973144531]",exp_07_tms_5_2_4layer_tied_rep1,4,tied,1,40000,0.5146156549453735,0.9698261022567749,-0.0032355785369873047,0.003242339938879013
linear1,1.4974881410598755,1.4840589761734009,0.03661217913031578,0.9910321831703186,0.02444906160235405,0.9853979349136353,0.00013404515630099922,"[1.2594486474990845, 0.8100989460945129]","[1.241058111190796, 0.81376051902771]",exp_07_tms_5_2_4layer_untied_rep1,4,untied,1,5000,0.48195987939834595,0.876668393611908,0.008967816829681396,0.02444906160235405
linear2,1.4974881410598755,1.4806767702102661,0.10984355956315994,0.9887736439704895,0.07335187494754791,0.9834126234054565,0.0012065607588738203,"[1.2594486474990845, 0.8100989460945129]","[1.2385576963424683, 0.8114051818847656]",exp_07_tms_5_2_4layer_untied_rep1,4,untied,1,5000,0.34178483486175537,0.6700631976127625,0.011226356029510498,0.07335187494754791
hidden_layers.0,1.7488200664520264,1.7554255723953247,0.010150653310120106,1.0037771463394165,0.005804286804050207,1.0014821290969849,2.5758941774256527e-05,"[1.474096417427063, 0.9409628510475159]","[1.4762812852859497, 0.949796199798584]",exp_07_tms_5_2_4layer_untied_rep1,4,untied,1,5000,0.5065105557441711,0.920250415802002,-0.003777146339416504,0.005804286804050207
hidden_layers.1,1.7071585655212402,1.7109342813491821,0.012585774064064026,1.0022116899490356,0.007372352294623852,1.0030766725540161,3.9600425225216895e-05,"[1.4198408126831055, 0.9478620290756226]","[1.4242092370986938, 0.9481160640716553]",exp_07_tms_5_2_4layer_untied_rep1,4,untied,1,5000,0.5376488566398621,0.9613423943519592,-0.0022116899490356445,0.007372352294623852
linear1,1.4974881410598755,1.4919625520706177,0.020213551819324493,0.9963101148605347,0.013498305343091488,0.9901986718177795,4.0858769352780655e-05,"[1.2594486474990845, 0.8100989460945129]","[1.2471044063568115, 0.8189525008201599]",exp_07_tms_5_2_4layer_untied_rep1,4,untied,1,10000,0.45266154408454895,0.8660908937454224,0.003689885139465332,0.013498305343091488
linear2,1.4974881410598755,1.5029964447021484,0.14959630370140076,1.003678321838379,0.09989815950393677,0.9942086338996887,0.0022379052825272083,"[1.2594486474990845, 0.8100989460945129]","[1.2521547079086304, 0.8313283920288086]",exp_07_tms_5_2_4layer_untied_rep1,4,untied,1,10000,0.33238717913627625,0.6868267059326172,-0.0036783218383789062,0.09989815950393677
hidden_layers.0,1.7488200664520264,1.7545020580291748,0.010072635486721992,1.0032490491867065,0.005759675055742264,1.0025359392166138,2.5364497560076416e-05,"[1.474096417427063, 0.9409628510475159]","[1.477834701538086, 0.9456648826599121]",exp_07_tms_5_2_4layer_untied_rep1,4,untied,1,10000,0.5005179047584534,0.9169777035713196,-0.003249049186706543,0.005759675055742264
hidden_layers.1,1.7071585655212402,1.7128446102142334,0.012947170995175838,1.0033307075500488,0.00758404703810811,1.004753589630127,4.1907311242539436e-05,"[1.4198408126831055, 0.9478620290756226]","[1.426590085029602, 0.9479859471321106]",exp_07_tms_5_2_4layer_untied_rep1,4,untied,1,10000,0.47990453243255615,0.9173102378845215,-0.003330707550048828,0.00758404703810811
linear1,1.4974881410598755,1.4911712408065796,0.04351789876818657,0.995781660079956,0.029060596600174904,0.9859960675239563,0.00018938073480967432,"[1.2594486474990845, 0.8100989460945129]","[1.2418113946914673, 0.825527548789978]",exp_07_tms_5_2_4layer_untied_rep1,4,untied,1,15000,0.462706595659256,0.8828549385070801,0.004218339920043945,0.029060596600174904
linear2,1.4974881410598755,1.4981135129928589,0.1897585690021515,1.0004175901412964,0.12671791017055511,0.988226056098938,0.0036008316092193127,"[1.2594486474990845, 0.8100989460945129]","[1.2446199655532837, 0.8338255286216736]",exp_07_tms_5_2_4layer_untied_rep1,4,untied,1,15000,0.3436785638332367,0.7027058601379395,-0.0004175901412963867,0.12671791017055511
hidden_layers.0,1.7488200664520264,1.751672625541687,0.016623495146632195,1.0016311407089233,0.00950554944574833,0.9987707734107971,6.908514478709549e-05,"[1.474096417427063, 0.9409628510475159]","[1.4722844362258911, 0.9490708112716675]",exp_07_tms_5_2_4layer_untied_rep1,4,untied,1,15000,0.5054646134376526,0.9236580729484558,-0.0016311407089233398,0.00950554944574833
hidden_layers.1,1.7071585655212402,1.7142395973205566,0.013100357726216316,1.0041478872299194,0.007673779036849737,1.0029398202896118,4.290484503144398e-05,"[1.4198408126831055, 0.9478620290756226]","[1.424014925956726, 0.9543578028678894]",exp_07_tms_5_2_4layer_untied_rep1,4,untied,1,15000,0.4830965995788574,0.9243496060371399,-0.004147887229919434,0.007673779036849737
linear1,1.4974881410598755,1.5006698369979858,0.012468256987631321,1.0021246671676636,0.008326114155352116,0.9998704195022583,1.5545743735856377e-05,"[1.2594486474990845, 0.8100989460945129]","[1.2592854499816895, 0.8162168860435486]",exp_07_tms_5_2_4layer_untied_rep1,4,untied,1,20000,0.45612168312072754,0.8729776740074158,-0.0021246671676635742,0.008326114155352116
linear2,1.4974881410598755,1.5133092403411865,0.22049157321453094,1.0105650424957275,0.14724095165729523,0.9914328455924988,0.004861653782427311,"[1.2594486474990845, 0.8100989460945129]","[1.2486587762832642, 0.8549599051475525]",exp_07_tms_5_2_4layer_untied_rep1,4,untied,1,20000,0.35135263204574585,0.7125585675239563,-0.010565042495727539,0.14724095165729523
hidden_layers.0,1.7488200664520264,1.7522138357162476,0.0065776994451880455,1.0019406080245972,0.00376122142188251,1.0026723146438599,1.0816533176694065e-05,"[1.474096417427063, 0.9409628510475159]","[1.4780356884002686, 0.9410971999168396]",exp_07_tms_5_2_4layer_untied_rep1,4,untied,1,20000,0.5042051076889038,0.9135834574699402,-0.001940608024597168,0.00376122142188251
hidden_layers.1,1.7071585655212402,1.7146583795547485,0.014634259045124054,1.0043931007385254,0.008572290651500225,1.0005682706832886,5.354038148652762e-05,"[1.4198408126831055, 0.9478620290756226]","[1.4206476211547852, 0.9601112604141235]",exp_07_tms_5_2_4layer_untied_rep1,4,untied,1,20000,0.48402735590934753,0.9251428246498108,-0.004393100738525391,0.008572290651500225
linear1,1.4974881410598755,1.4943767786026,0.03527821972966194,0.9979223012924194,0.02355826273560524,0.989767849445343,0.00012445528409443796,"[1.2594486474990845, 0.8100989460945129]","[1.2465617656707764, 0.8241637349128723]",exp_07_tms_5_2_4layer_untied_rep1,4,untied,1,25000,0.46487367153167725,0.8824604153633118,0.0020776987075805664,0.02355826273560524
linear2,1.4974881410598755,1.5116969347000122,0.2305426001548767,1.0094884634017944,0.15395286679267883,0.9891672730445862,0.005314989481121302,"[1.2594486474990845, 0.8100989460945129]","[1.2458053827285767, 0.8562688231468201]",exp_07_tms_5_2_4layer_untied_rep1,4,untied,1,25000,0.35323044657707214,0.7157154679298401,-0.009488463401794434,0.15395286679267883
hidden_layers.0,1.7488200664520264,1.7532598972320557,0.012674173340201378,1.002538800239563,0.00724727101624012,0.9983769655227661,4.015866943518631e-05,"[1.474096417427063, 0.9409628510475159]","[1.4717038869857788, 0.9528945684432983]",exp_07_tms_5_2_4layer_untied_rep1,4,untied,1,25000,0.5054125785827637,0.914600670337677,-0.0025388002395629883,0.00724727101624012
hidden_layers.1,1.7071585655212402,1.713994026184082,0.017193377017974854,1.0040040016174316,0.010071341879665852,0.9997528195381165,7.390305836452171e-05,"[1.4198408126831055, 0.9478620290756226]","[1.419489860534668, 0.9606373310089111]",exp_07_tms_5_2_4layer_untied_rep1,4,untied,1,25000,0.4844838082790375,0.9240037798881531,-0.004004001617431641,0.010071341879665852
linear1,1.4974881410598755,1.496642827987671,0.02037814073264599,0.9994354844093323,0.013608215376734734,0.9942847490310669,4.1526862332830206e-05,"[1.2594486474990845, 0.8100989460945129]","[1.2522505521774292, 0.8196388483047485]",exp_07_tms_5_2_4layer_untied_rep1,4,untied,1,30000,0.4620600938796997,0.8770112991333008,0.0005645155906677246,0.013608215376734734
linear2,1.4974881410598755,1.5176503658294678,0.23454025387763977,1.0134639739990234,0.15662243962287903,0.9924523830413818,0.005500912666320801,"[1.2594486474990845, 0.8100989460945129]","[1.2499427795410156, 0.8607588410377502]",exp_07_tms_5_2_4layer_untied_rep1,4,untied,1,30000,0.3534652292728424,0.7172611951828003,-0.013463973999023438,0.15662243962287903
hidden_layers.0,1.7488200664520264,1.7550442218780518,0.01273267436772585,1.0035591125488281,0.007280722726136446,1.000793695449829,4.053024895256385e-05,"[1.474096417427063, 0.9409628510475159]","[1.475266456604004, 0.9506677985191345]",exp_07_tms_5_2_4layer_untied_rep1,4,untied,1,30000,0.5045501589775085,0.9120126962661743,-0.003559112548828125,0.007280722726136446
hidden_layers.1,1.7071585655212402,1.7154146432876587,0.01605796255171299,1.0048362016677856,0.009406250901520252,1.000468134880066,6.446454062825069e-05,"[1.4198408126831055, 0.9478620290756226]","[1.4205055236816406, 0.9616712331771851]",exp_07_tms_5_2_4layer_untied_rep1,4,untied,1,30000,0.48525670170783997,0.9249293804168701,-0.0048362016677856445,0.009406250901520252
linear1,1.4974881410598755,1.4988173246383667,0.020755719393491745,1.0008876323699951,0.01386035606265068,0.994392991065979,4.307999188313261e-05,"[1.2594486474990845, 0.8100989460945129]","[1.2523869276046753, 0.8233956694602966]",exp_07_tms_5_2_4layer_untied_rep1,4,untied,1,35000,0.461182177066803,0.8784531950950623,-0.0008876323699951172,0.01386035606265068
linear2,1.4974881410598755,1.5163822174072266,0.2352733612060547,1.0126172304153442,0.1571120023727417,0.9936227202415466,0.005535355769097805,"[1.2594486474990845, 0.8100989460945129]","[1.251416802406311, 0.8563708662986755]",exp_07_tms_5_2_4layer_untied_rep1,4,untied,1,35000,0.35536035895347595,0.7177101373672485,-0.012617230415344238,0.1571120023727417
hidden_layers.0,1.7488200664520264,1.7553751468658447,0.014215327799320221,1.0037482976913452,0.008128524757921696,0.9994661211967468,5.0518887292128056e-05,"[1.474096417427063, 0.9409628510475159]","[1.4733093976974487, 0.9543067812919617]",exp_07_tms_5_2_4layer_untied_rep1,4,untied,1,35000,0.5041549801826477,0.9131564497947693,-0.003748297691345215,0.008128524757921696
hidden_layers.1,1.7071585655212402,1.7126885652542114,0.01240208838135004,1.0032392740249634,0.007264754734933376,1.0000766515731812,3.8452948501799256e-05,"[1.4198408126831055, 0.9478620290756226]","[1.4199496507644653, 0.9576244354248047]",exp_07_tms_5_2_4layer_untied_rep1,4,untied,1,35000,0.48366138339042664,0.924157440662384,-0.003239274024963379,0.007264754734933376
linear1,1.4974881410598755,1.4972718954086304,0.02011052519083023,0.9998555779457092,0.013429505750536919,0.9942793250083923,4.04433230869472e-05,"[1.2594486474990845, 0.8100989460945129]","[1.2522437572479248, 0.8207973837852478]",exp_07_tms_5_2_4layer_untied_rep1,4,untied,1,40000,0.4615282714366913,0.8781152963638306,0.00014442205429077148,0.013429505750536919
linear2,1.4974881410598755,1.5161020755767822,0.2354075014591217,1.0124300718307495,0.15720157325267792,0.9942514300346375,0.005541668739169836,"[1.2594486474990845, 0.8100989460945129]","[1.2522085905075073, 0.8547157049179077]",exp_07_tms_5_2_4layer_untied_rep1,4,untied,1,40000,0.3550085425376892,0.7174088358879089,-0.012430071830749512,0.15720157325267792
hidden_layers.0,1.7488200664520264,1.7558972835540771,0.013574298471212387,1.0040467977523804,0.007761975284665823,1.0005228519439697,4.606539005180821e-05,"[1.474096417427063, 0.9409628510475159]","[1.4748672246932983, 0.9528598785400391]",exp_07_tms_5_2_4layer_untied_rep1,4,untied,1,40000,0.5042305588722229,0.9129846096038818,-0.004046797752380371,0.007761975284665823
hidden_layers.1,1.7071585655212402,1.7131123542785645,0.012866743840277195,1.0034875869750977,0.007536935620009899,0.999927282333374,4.138827353017405e-05,"[1.4198408126831055, 0.9478620290756226]","[1.4197375774383545, 0.9586963057518005]",exp_07_tms_5_2_4layer_untied_rep1,4,untied,1,40000,0.4839771091938019,0.924091100692749,-0.0034875869750976562,0.007536935620009899
linear1,2.0275332927703857,2.0311660766601562,0.019265824928879738,1.0017917156219482,0.009502100758254528,1.008379578590393,3.7117199099157006e-05,"[1.5660945177078247, 1.287726640701294]","[1.5792176723480225, 1.2773826122283936]",exp_07_tms_5_2_5layer_tied_rep1,5,tied,1,5000,0.29192423820495605,0.7462082505226135,-0.0017917156219482422,0.009502100758254528
linear2,2.0275332927703857,2.0311660766601562,0.019265824928879738,1.0017917156219482,0.009502100758254528,1.008379578590393,3.711720273713581e-05,"[1.5660945177078247, 1.287726640701294]","[1.5792176723480225, 1.277382731437683]",exp_07_tms_5_2_5layer_tied_rep1,5,tied,1,5000,0.29192423820495605,0.7462081909179688,-0.0017917156219482422,0.009502100758254528
hidden_layers.0,1.6237115859985352,1.6224726438522339,0.010959933511912823,0.9992369413375854,0.006749926134943962,1.002517580986023,3.0030034395167604e-05,"[1.22238028049469, 1.0687499046325684]","[1.2254576683044434, 1.063329815864563]",exp_07_tms_5_2_5layer_tied_rep1,5,tied,1,5000,0.5042959451675415,0.9833166003227234,0.0007630586624145508,0.006749926134943962
hidden_layers.1,1.6723018884658813,1.6703883409500122,0.01776331104338169,0.9988557696342468,0.010622072033584118,0.9976439476013184,7.888379332143813e-05,"[1.2126200199127197, 1.1515843868255615]","[1.2097630500793457, 1.1518117189407349]",exp_07_tms_5_2_5layer_tied_rep1,5,tied,1,5000,0.4980373680591583,0.9794699549674988,0.0011442303657531738,0.010622072033584118
hidden_layers.2,1.6973888874053955,1.69974684715271,0.010781782679259777,1.0013891458511353,0.006351981312036514,1.0050184726715088,2.9061709938105196e-05,"[1.3503390550613403, 1.0284520387649536]","[1.357115626335144, 1.023414134979248]",exp_07_tms_5_2_5layer_tied_rep1,5,tied,1,5000,0.49872738122940063,0.9865837097167969,-0.001389145851135254,0.006351981312036514
linear1,2.0275332927703857,2.030273675918579,0.028666047379374504,1.0013515949249268,0.014138385653495789,1.0041327476501465,8.217421418521553e-05,"[1.5660945177078247, 1.287726640701294]","[1.5725667476654053, 1.2841511964797974]",exp_07_tms_5_2_5layer_tied_rep1,5,tied,1,10000,0.2933574616909027,0.7495691776275635,-0.0013515949249267578,0.014138385653495789
linear2,2.0275332927703857,2.030273675918579,0.028666047379374504,1.0013515949249268,0.014138385653495789,1.0041327476501465,8.217422873713076e-05,"[1.5660945177078247, 1.287726640701294]","[1.5725667476654053, 1.2841511964797974]",exp_07_tms_5_2_5layer_tied_rep1,5,tied,1,10000,0.2933574616909027,0.7495691776275635,-0.0013515949249267578,0.014138385653495789
hidden_layers.0,1.6237115859985352,1.63016939163208,0.016417212784290314,1.0039771795272827,0.010110916569828987,1.0063599348068237,6.738122465321794e-05,"[1.22238028049469, 1.0687499046325684]","[1.2301545143127441, 1.0696598291397095]",exp_07_tms_5_2_5layer_tied_rep1,5,tied,1,10000,0.5078662037849426,0.988852322101593,-0.003977179527282715,0.010110916569828987
hidden_layers.1,1.6723018884658813,1.6714013814926147,0.009028121829032898,0.9994615316390991,0.005398619454354048,0.9956092238426208,2.0376746761030518e-05,"[1.2126200199127197, 1.1515843868255615]","[1.2072956562042236, 1.1558632850646973]",exp_07_tms_5_2_5layer_tied_rep1,5,tied,1,10000,0.5009365081787109,0.9835503697395325,0.0005384683609008789,0.005398619454354048
hidden_layers.2,1.6973888874053955,1.7019689083099365,0.01279065478593111,1.002698302268982,0.007535488810390234,1.0069005489349365,4.090020956937224e-05,"[1.3503390550613403, 1.0284520387649536]","[1.3596571683883667, 1.0237334966659546]",exp_07_tms_5_2_5layer_tied_rep1,5,tied,1,10000,0.4963241219520569,0.9845387935638428,-0.0026983022689819336,0.007535488810390234
linear1,2.0275332927703857,2.0236780643463135,0.029652535915374756,0.9980985522270203,0.01462493184953928,0.9966426491737366,8.79272774909623e-05,"[1.5660945177078247, 1.287726640701294]","[1.5608365535736084, 1.2880457639694214]",exp_07_tms_5_2_5layer_tied_rep1,5,tied,1,15000,0.2975251376628876,0.7505933046340942,0.0019014477729797363,0.01462493184953928
linear2,2.0275332927703857,2.0236780643463135,0.029652535915374756,0.9980985522270203,0.01462493184953928,0.9966426491737366,8.792728476691991e-05,"[1.5660945177078247, 1.287726640701294]","[1.5608365535736084, 1.2880457639694214]",exp_07_tms_5_2_5layer_tied_rep1,5,tied,1,15000,0.2975251078605652,0.7505932450294495,0.0019014477729797363,0.01462493184953928
hidden_layers.0,1.6237115859985352,1.625377893447876,0.007309872657060623,1.0010262727737427,0.004501952789723873,1.002030849456787,1.3358559954212978e-05,"[1.22238028049469, 1.0687499046325684]","[1.2248626947402954, 1.068440318107605]",exp_07_tms_5_2_5layer_tied_rep1,5,tied,1,15000,0.5072298049926758,0.9842479228973389,-0.0010262727737426758,0.004501952789723873
hidden_layers.1,1.6723018884658813,1.6743242740631104,0.0031285793520510197,1.0012093782424927,0.001870822161436081,1.0000437498092651,2.4470020889566513e-06,"[1.2126200199127197, 1.1515843868255615]","[1.2126730680465698, 1.154463529586792]",exp_07_tms_5_2_5layer_tied_rep1,5,tied,1,15000,0.5012057423591614,0.9801318645477295,-0.0012093782424926758,0.001870822161436081
hidden_layers.2,1.6973888874053955,1.6997196674346924,0.007903135381639004,1.0013731718063354,0.004656054545193911,1.000761866569519,1.5614888980053365e-05,"[1.3503390550613403, 1.0284520387649536]","[1.3513678312301636, 1.030947208404541]",exp_07_tms_5_2_5layer_tied_rep1,5,tied,1,15000,0.49462318420410156,0.9847738742828369,-0.0013731718063354492,0.004656054545193911
linear1,2.0275332927703857,2.0251073837280273,0.02521943300962448,0.9988034963607788,0.012438480742275715,1.0005450248718262,6.360198312904686e-05,"[1.5660945177078247, 1.287726640701294]","[1.5669480562210083, 1.2828609943389893]",exp_07_tms_5_2_5layer_tied_rep1,5,tied,1,20000,0.2984769344329834,0.7492187023162842,0.0011965036392211914,0.012438480742275715
linear2,2.0275332927703857,2.0251073837280273,0.02521943300962448,0.9988034963607788,0.012438480742275715,1.0005449056625366,6.360198312904686e-05,"[1.5660945177078247, 1.287726640701294]","[1.5669478178024292, 1.2828612327575684]",exp_07_tms_5_2_5layer_tied_rep1,5,tied,1,20000,0.2984769344329834,0.7492187023162842,0.0011965036392211914,0.012438480742275715
hidden_layers.0,1.6237115859985352,1.622316598892212,0.005943582858890295,0.9991408586502075,0.003660491667687893,0.9965409636497498,8.831544619170018e-06,"[1.22238028049469, 1.0687499046325684]","[1.2181520462036133, 1.0714552402496338]",exp_07_tms_5_2_5layer_tied_rep1,5,tied,1,20000,0.5057847499847412,0.9838078618049622,0.0008591413497924805,0.003660491667687893
hidden_layers.1,1.6723018884658813,1.6755067110061646,0.00471569923684001,1.0019164085388184,0.0028198850341141224,1.0030992031097412,5.559454621106852e-06,"[1.2126200199127197, 1.1515843868255615]","[1.2163782119750977, 1.152279019355774]",exp_07_tms_5_2_5layer_tied_rep1,5,tied,1,20000,0.502722978591919,0.9810097813606262,-0.0019164085388183594,0.0028198850341141224
hidden_layers.2,1.6973888874053955,1.6999781131744385,0.0043881731107831,1.0015254020690918,0.0025852490216493607,1.0029730796813965,4.814015028387075e-06,"[1.3503390550613403, 1.0284520387649536]","[1.354353666305542, 1.027449131011963]",exp_07_tms_5_2_5layer_tied_rep1,5,tied,1,20000,0.49675223231315613,0.984114944934845,-0.0015254020690917969,0.0025852490216493607
linear1,2.0275332927703857,2.0241591930389404,0.01495759841054678,0.9983358383178711,0.0073772394098341465,0.9992692470550537,2.2372974854079075e-05,"[1.5660945177078247, 1.287726640701294]","[1.5649501085281372, 1.2838035821914673]",exp_07_tms_5_2_5layer_tied_rep1,5,tied,1,25000,0.2972659766674042,0.7473282217979431,0.0016641616821289062,0.0073772394098341465
linear2,2.0275332927703857,2.0241591930389404,0.01495759841054678,0.9983358383178711,0.0073772394098341465,0.9992692470550537,2.237297667306848e-05,"[1.5660945177078247, 1.287726640701294]","[1.5649501085281372, 1.2838037014007568]",exp_07_tms_5_2_5layer_tied_rep1,5,tied,1,25000,0.2972659766674042,0.7473282217979431,0.0016641616821289062,0.0073772394098341465
hidden_layers.0,1.6237115859985352,1.6236532926559448,0.006818225607275963,0.9999641180038452,0.0041991607286036015,0.9978581070899963,1.1622048987192102e-05,"[1.22238028049469, 1.0687499046325684]","[1.2197620868682861, 1.0716485977172852]",exp_07_tms_5_2_5layer_tied_rep1,5,tied,1,25000,0.5061947703361511,0.9813336133956909,3.5881996154785156e-05,0.0041991607286036015
hidden_layers.1,1.6723018884658813,1.6778336763381958,0.006555317435413599,1.0033079385757446,0.003919936716556549,1.0025473833084106,1.0743046004790813e-05,"[1.2126200199127197, 1.1515843868255615]","[1.2157090902328491, 1.156363844871521]",exp_07_tms_5_2_5layer_tied_rep1,5,tied,1,25000,0.5024858713150024,0.9812005758285522,-0.003307938575744629,0.003919936716556549
hidden_layers.2,1.6973888874053955,1.7000463008880615,0.008201648481190205,1.0015655755996704,0.0048319208435714245,1.0040709972381592,1.6816762581584044e-05,"[1.3503390550613403, 1.0284520387649536]","[1.355836272239685, 1.0256048440933228]",exp_07_tms_5_2_5layer_tied_rep1,5,tied,1,25000,0.49548375606536865,0.983411431312561,-0.0015655755996704102,0.0048319208435714245
linear1,2.0275332927703857,2.0251190662384033,0.02656184695661068,0.998809278011322,0.013100572861731052,0.9995367527008057,7.055317109916359e-05,"[1.5660945177078247, 1.287726640701294]","[1.5653690099716187, 1.284806251525879]",exp_07_tms_5_2_5layer_tied_rep1,5,tied,1,30000,0.2974824011325836,0.7483717203140259,0.0011907219886779785,0.013100572861731052
linear2,2.0275332927703857,2.0251190662384033,0.02656184695661068,0.998809278011322,0.013100572861731052,0.9995367527008057,7.055317109916359e-05,"[1.5660945177078247, 1.287726640701294]","[1.5653690099716187, 1.284806251525879]",exp_07_tms_5_2_5layer_tied_rep1,5,tied,1,30000,0.2974824011325836,0.7483717203140259,0.0011907219886779785,0.013100572861731052
hidden_layers.0,1.6237115859985352,1.6255854368209839,0.0029383760411292315,1.0011540651321411,0.0018096662824973464,1.0015909671783447,2.158513325412059e-06,"[1.22238028049469, 1.0687499046325684]","[1.2243250608444214, 1.0693718194961548]",exp_07_tms_5_2_5layer_tied_rep1,5,tied,1,30000,0.5072304606437683,0.9829280972480774,-0.0011540651321411133,0.0018096662824973464
hidden_layers.1,1.6723018884658813,1.676513910293579,0.004762830212712288,1.002518653869629,0.0028480684850364923,1.0026390552520752,5.671137842000462e-06,"[1.2126200199127197, 1.1515843868255615]","[1.2158201932907104, 1.154331088066101]",exp_07_tms_5_2_5layer_tied_rep1,5,tied,1,30000,0.5016293525695801,0.9801453351974487,-0.0025186538696289062,0.0028480684850364923
hidden_layers.2,1.6973888874053955,1.6986513137817383,0.002637778175994754,1.0007437467575073,0.0015540211461484432,1.0004503726959229,1.7394686437910423e-06,"[1.3503390550613403, 1.0284520387649536]","[1.3509472608566284, 1.029736876487732]",exp_07_tms_5_2_5layer_tied_rep1,5,tied,1,30000,0.4967597424983978,0.9832240343093872,-0.0007437467575073242,0.0015540211461484432
linear1,2.0275332927703857,2.022895336151123,0.02797921933233738,0.9977124929428101,0.013799634762108326,0.9974870681762695,7.82836796133779e-05,"[1.5660945177078247, 1.287726640701294]","[1.5621590614318848, 1.2852097749710083]",exp_07_tms_5_2_5layer_tied_rep1,5,tied,1,35000,0.2977442145347595,0.7483524084091187,0.0022875070571899414,0.013799634762108326
linear2,2.0275332927703857,2.022895336151123,0.02797921933233738,0.9977124929428101,0.013799634762108326,0.9974872469902039,7.828367233742028e-05,"[1.5660945177078247, 1.287726640701294]","[1.5621592998504639, 1.2852095365524292]",exp_07_tms_5_2_5layer_tied_rep1,5,tied,1,35000,0.29774418473243713,0.7483523488044739,0.0022875070571899414,0.013799634762108326
hidden_layers.0,1.6237115859985352,1.6235685348510742,0.0031965693924576044,0.999911904335022,0.0019686806481331587,0.9997316002845764,2.5545141397742555e-06,"[1.22238028049469, 1.0687499046325684]","[1.2220522165298462, 1.0689074993133545]",exp_07_tms_5_2_5layer_tied_rep1,5,tied,1,35000,0.5082905888557434,0.98271644115448,8.809566497802734e-05,0.0019686806481331587
hidden_layers.1,1.6723018884658813,1.6772191524505615,0.005004859529435635,1.0029404163360596,0.0029927967116236687,1.0030852556228638,6.262154329306213e-06,"[1.2126200199127197, 1.1515843868255615]","[1.2163612842559814, 1.1547852754592896]",exp_07_tms_5_2_5layer_tied_rep1,5,tied,1,35000,0.5024288296699524,0.9801981449127197,-0.0029404163360595703,0.0029927967116236687
hidden_layers.2,1.6973888874053955,1.698004126548767,0.005256853997707367,1.000362515449524,0.0030970238149166107,1.0022954940795898,6.90862816554727e-06,"[1.3503390550613403, 1.0284520387649536]","[1.3534387350082397, 1.0253883600234985]",exp_07_tms_5_2_5layer_tied_rep1,5,tied,1,35000,0.4941715598106384,0.9825639724731445,-0.0003625154495239258,0.0030970238149166107
linear1,2.0275332927703857,2.0235724449157715,0.026840679347515106,0.9980464577674866,0.013238095678389072,0.998269259929657,7.204220310086384e-05,"[1.5660945177078247, 1.287726640701294]","[1.5633840560913086, 1.284786581993103]",exp_07_tms_5_2_5layer_tied_rep1,5,tied,1,40000,0.297619491815567,0.7469595670700073,0.0019535422325134277,0.013238095678389072
linear2,2.0275332927703857,2.0235724449157715,0.026840679347515106,0.9980464577674866,0.013238095678389072,0.9982692003250122,7.204221037682146e-05,"[1.5660945177078247, 1.287726640701294]","[1.563383936882019, 1.284786581993103]",exp_07_tms_5_2_5layer_tied_rep1,5,tied,1,40000,0.297619491815567,0.7469595670700073,0.0019535422325134277,0.013238095678389072
hidden_layers.0,1.6237115859985352,1.6234198808670044,0.004517258610576391,0.999820351600647,0.002782057272270322,0.9999756217002869,5.101406713947654e-06,"[1.22238028049469, 1.0687499046325684]","[1.2223504781723022, 1.068340539932251]",exp_07_tms_5_2_5layer_tied_rep1,5,tied,1,40000,0.5076683759689331,0.982719361782074,0.00017964839935302734,0.002782057272270322
hidden_layers.1,1.6723018884658813,1.6770285367965698,0.00472990982234478,1.002826452255249,0.0028283826541155577,1.0027815103530884,5.593012247118168e-06,"[1.2126200199127197, 1.1515843868255615]","[1.2159929275512695, 1.1548963785171509]",exp_07_tms_5_2_5layer_tied_rep1,5,tied,1,40000,0.5014774203300476,0.9791257977485657,-0.0028264522552490234,0.0028283826541155577
hidden_layers.2,1.6973888874053955,1.6989840269088745,0.004526155535131693,1.0009397268295288,0.0026665402110666037,1.002727746963501,5.121520644024713e-06,"[1.3503390550613403, 1.0284520387649536]","[1.35402250289917, 1.026240587234497]",exp_07_tms_5_2_5layer_tied_rep1,5,tied,1,40000,0.4933646619319916,0.9813697934150696,-0.0009397268295288086,0.0026665402110666037
linear1,1.4520705938339233,1.4717084169387817,0.028231771662831306,1.013524055480957,0.019442424178123474,1.0221928358078003,7.970329897943884e-05,"[1.1449593305587769, 0.8930718302726746]","[1.170369267463684, 0.8922786116600037]",exp_07_tms_5_2_5layer_untied_rep1,5,untied,1,5000,0.4636033773422241,0.9411113262176514,-0.013524055480957031,0.019442424178123474
linear2,1.4520705938339233,1.4709645509719849,0.23890887200832367,1.0130116939544678,0.16452978551387787,0.9997536540031433,0.005707744508981705,"[1.1449593305587769, 0.8930717706680298]","[1.1446772813796997, 0.923823893070221]",exp_07_tms_5_2_5layer_untied_rep1,5,untied,1,5000,0.4113254249095917,0.803220272064209,-0.013011693954467773,0.16452978551387787
hidden_layers.0,1.6797314882278442,1.6773306131362915,0.0037068608216941357,0.9985706806182861,0.0022068175021559,0.9979799389839172,3.4352042348473333e-06,"[1.419028639793396, 0.8988083004951477]","[1.416162133216858, 0.8988451957702637]",exp_07_tms_5_2_5layer_untied_rep1,5,untied,1,5000,0.5578340888023376,0.987890899181366,0.0014293193817138672,0.0022068175021559
hidden_layers.1,1.5544795989990234,1.5558524131774902,0.0050250762142241,1.0008831024169922,0.003232642076909542,1.0006071329116821,6.312847290246282e-06,"[1.2613334655761719, 0.908539891242981]","[1.262099266052246, 0.9098255634307861]",exp_07_tms_5_2_5layer_untied_rep1,5,untied,1,5000,0.5613571405410767,0.9885830879211426,-0.0008831024169921875,0.003232642076909542
hidden_layers.2,1.8097658157348633,1.8066112995147705,0.006646239664405584,0.9982569217681885,0.003672430757433176,0.9969491958618164,1.1043125596188474e-05,"[1.5382667779922485, 0.9534082412719727]","[1.533573865890503, 0.9549845457077026]",exp_07_tms_5_2_5layer_untied_rep1,5,untied,1,5000,0.5464464426040649,0.9891943335533142,0.0017430782318115234,0.003672430757433176
linear1,1.4520705938339233,1.4798153638839722,0.03549085929989815,1.0191069841384888,0.02444155141711235,1.0242244005203247,0.00012596009764820337,"[1.1449593305587769, 0.8930718302726746]","[1.172695279121399, 0.9025738835334778]",exp_07_tms_5_2_5layer_untied_rep1,5,untied,1,10000,0.40871402621269226,0.8625444769859314,-0.01910698413848877,0.02444155141711235
linear2,1.4520705938339233,1.498065710067749,0.3492119014263153,1.0316755771636963,0.24049237370491028,1.0073939561843872,0.01219489611685276,"[1.1449593305587769, 0.8930717706680298]","[1.1534250974655151, 0.9559347033500671]",exp_07_tms_5_2_5layer_untied_rep1,5,untied,1,10000,0.39545711874961853,0.8195569515228271,-0.03167557716369629,0.24049237370491028
hidden_layers.0,1.6797314882278442,1.6928737163543701,0.028627881780266762,1.0078240633010864,0.017043130472302437,0.9999335408210754,0.00020488888549152762,"[1.419028639793396, 0.8988083004951477]","[1.4189343452453613, 0.9232803583145142]",exp_07_tms_5_2_5layer_untied_rep1,5,untied,1,10000,0.48774105310440063,0.9305674433708191,-0.007824063301086426,0.017043130472302437
hidden_layers.1,1.5544795989990234,1.561165690422058,0.010877984575927258,1.0043011903762817,0.006997830234467983,1.0004627704620361,2.9582635761471465e-05,"[1.2613334655761719, 0.908539891242981]","[1.2619171142578125, 0.9191317558288574]",exp_07_tms_5_2_5layer_untied_rep1,5,untied,1,10000,0.49460750818252563,0.9335168600082397,-0.004301190376281738,0.006997830234467983
hidden_layers.2,1.8097658157348633,1.8234456777572632,0.030145924538373947,1.0075589418411255,0.016657361760735512,1.0016164779663086,0.00022719419212080538,"[1.5382667779922485, 0.9534082412719727]","[1.5407533645629883, 0.9752091765403748]",exp_07_tms_5_2_5layer_untied_rep1,5,untied,1,10000,0.49714839458465576,0.9313560128211975,-0.007558941841125488,0.016657361760735512
linear1,1.4520705938339233,1.4814294576644897,0.0324818417429924,1.0202186107635498,0.022369327023625374,1.0230480432510376,0.0001055069878930226,"[1.1449593305587769, 0.8930718302726746]","[1.1713484525680542, 0.9069598913192749]",exp_07_tms_5_2_5layer_untied_rep1,5,untied,1,15000,0.41706207394599915,0.8473354578018188,-0.020218610763549805,0.022369327023625374
linear2,1.4520705938339233,1.5005874633789062,0.376081258058548,1.033412218093872,0.25899654626846313,1.0063005685806274,0.01414371095597744,"[1.1449593305587769, 0.8930717706680298]","[1.1521732807159424, 0.9613842368125916]",exp_07_tms_5_2_5layer_untied_rep1,5,untied,1,15000,0.3985218107700348,0.8286179900169373,-0.03341221809387207,0.25899654626846313
hidden_layers.0,1.6797314882278442,1.689905047416687,0.011523171328008175,1.0060566663742065,0.006860127206891775,1.005904197692871,3.319586903671734e-05,"[1.419028639793396, 0.8988083004951477]","[1.4274067878723145, 0.9045931696891785]",exp_07_tms_5_2_5layer_untied_rep1,5,untied,1,15000,0.48798611760139465,0.9089210629463196,-0.006056666374206543,0.006860127206891775
hidden_layers.1,1.5544795989990234,1.5663474798202515,0.01637846603989601,1.0076346397399902,0.010536301881074905,1.0028340816497803,6.706353451590985e-05,"[1.2613334655761719, 0.908539891242981]","[1.2649081945419312, 0.9238243699073792]",exp_07_tms_5_2_5layer_untied_rep1,5,untied,1,15000,0.4982847571372986,0.9187890291213989,-0.007634639739990234,0.010536301881074905
hidden_layers.2,1.8097658157348633,1.8334197998046875,0.026005860418081284,1.0130702257156372,0.014369738288223743,1.0104796886444092,0.00016907620010897517,"[1.5382667779922485, 0.9534082412719727]","[1.5543873310089111, 0.972269594669342]",exp_07_tms_5_2_5layer_untied_rep1,5,untied,1,15000,0.4888628125190735,0.9239514470100403,-0.013070225715637207,0.014369738288223743
linear1,1.4520705938339233,1.4681223630905151,0.021296069025993347,1.0110543966293335,0.014666001312434673,1.0107905864715576,4.535225889412686e-05,"[1.1449593305587769, 0.8930718302726746]","[1.1573141813278198, 0.9033310413360596]",exp_07_tms_5_2_5layer_untied_rep1,5,untied,1,20000,0.41026997566223145,0.8453898429870605,-0.011054396629333496,0.014666001312434673
linear2,1.4520705938339233,1.5086523294448853,0.3856084942817688,1.0389662981033325,0.2655576765537262,1.010403037071228,0.014869391918182373,"[1.1449593305587769, 0.8930717706680298]","[1.1568703651428223, 0.9683402180671692]",exp_07_tms_5_2_5layer_untied_rep1,5,untied,1,20000,0.41027894616127014,0.8423007130622864,-0.03896629810333252,0.2655576765537262
hidden_layers.0,1.6797314882278442,1.6986885070800781,0.020060859620571136,1.0112857818603516,0.011942896991968155,1.0095105171203613,0.00010060951899504289,"[1.419028639793396, 0.8988083004951477]","[1.43252432346344, 0.9129168391227722]",exp_07_tms_5_2_5layer_untied_rep1,5,untied,1,20000,0.4913799464702606,0.9077929258346558,-0.011285781860351562,0.011942896991968155
hidden_layers.1,1.5544795989990234,1.5658425092697144,0.013966160826385021,1.0073097944259644,0.00898446049541235,1.0083380937576294,4.8763413360575214e-05,"[1.2613334655761719, 0.908539891242981]","[1.2718505859375, 0.9133776426315308]",exp_07_tms_5_2_5layer_untied_rep1,5,untied,1,20000,0.4999319016933441,0.899554967880249,-0.0073097944259643555,0.00898446049541235
hidden_layers.2,1.8097658157348633,1.8165404796600342,0.01350389327853918,1.0037434101104736,0.007461680099368095,1.0019797086715698,4.558878208626993e-05,"[1.5382667779922485, 0.9534082412719727]","[1.5413120985031128, 0.9613410830497742]",exp_07_tms_5_2_5layer_untied_rep1,5,untied,1,20000,0.48527199029922485,0.9161478281021118,-0.003743410110473633,0.007461680099368095
linear1,1.4520705938339233,1.4729747772216797,0.023652154952287674,1.014396071434021,0.016288571059703827,1.0113614797592163,5.5942444305401295e-05,"[1.1449593305587769, 0.8930718302726746]","[1.1579678058624268, 0.9103655815124512]",exp_07_tms_5_2_5layer_untied_rep1,5,untied,1,25000,0.410238653421402,0.8490140438079834,-0.014396071434020996,0.016288571059703827
linear2,1.4520705938339233,1.508649230003357,0.3981691002845764,1.0389641523361206,0.27420780062675476,1.0122681856155396,0.015853865072131157,"[1.1449593305587769, 0.8930717706680298]","[1.159005880355835, 0.9657784104347229]",exp_07_tms_5_2_5layer_untied_rep1,5,untied,1,25000,0.41021549701690674,0.8418822884559631,-0.038964152336120605,0.27420780062675476
hidden_layers.0,1.6797314882278442,1.7007039785385132,0.02297615446150303,1.0124856233596802,0.013678468763828278,1.014295220375061,0.00013197591761127114,"[1.419028639793396, 0.8988083004951477]","[1.4393140077590942, 0.9059630036354065]",exp_07_tms_5_2_5layer_untied_rep1,5,untied,1,25000,0.4894114136695862,0.9041748642921448,-0.012485623359680176,0.013678468763828278
hidden_layers.1,1.5544795989990234,1.5686681270599365,0.01864243671298027,1.0091274976730347,0.011992719024419785,1.0035899877548218,8.688512025400996e-05,"[1.2613334655761719, 0.908539891242981]","[1.2658616304397583, 0.9264524579048157]",exp_07_tms_5_2_5layer_untied_rep1,5,untied,1,25000,0.4998376965522766,0.8935158848762512,-0.009127497673034668,0.011992719024419785
hidden_layers.2,1.8097658157348633,1.8198975324630737,0.018809569999575615,1.0055983066558838,0.010393372736871243,1.0043840408325195,8.844998956192285e-05,"[1.5382667779922485, 0.9534082412719727]","[1.5450105667114258, 0.9617529511451721]",exp_07_tms_5_2_5layer_untied_rep1,5,untied,1,25000,0.48641103506088257,0.9164103865623474,-0.005598306655883789,0.010393372736871243
linear1,1.4520705938339233,1.4734405279159546,0.024642540141940117,1.0147168636322021,0.016970621421933174,1.0157701969146729,6.072547330404632e-05,"[1.1449593305587769, 0.8930718302726746]","[1.163015604019165, 0.9046664834022522]",exp_07_tms_5_2_5layer_untied_rep1,5,untied,1,30000,0.41132816672325134,0.8490578532218933,-0.014716863632202148,0.016970621421933174
linear2,1.4520705938339233,1.5101773738861084,0.4027349054813385,1.040016531944275,0.27735215425491333,1.0124003887176514,0.016219541430473328,"[1.1449593305587769, 0.8930717706680298]","[1.1591572761535645, 0.9679825305938721]",exp_07_tms_5_2_5layer_untied_rep1,5,untied,1,30000,0.4106593430042267,0.8420186638832092,-0.0400165319442749,0.27735215425491333
hidden_layers.0,1.6797314882278442,1.6965906620025635,0.017878834158182144,1.010036826133728,0.010643864050507545,1.0085307359695435,7.991317397681996e-05,"[1.419028639793396, 0.8988083004951477]","[1.4311339855194092, 0.9111944437026978]",exp_07_tms_5_2_5layer_untied_rep1,5,untied,1,30000,0.4895245432853699,0.9053835868835449,-0.010036826133728027,0.010643864050507545
hidden_layers.1,1.5544795989990234,1.5686156749725342,0.01471368782222271,1.0090937614440918,0.009465346112847328,1.0096731185913086,5.412314931163564e-05,"[1.2613334655761719, 0.908539891242981]","[1.2735345363616943, 0.9157863259315491]",exp_07_tms_5_2_5layer_untied_rep1,5,untied,1,30000,0.5023396015167236,0.8924529552459717,-0.009093761444091797,0.009465346112847328
hidden_layers.2,1.8097658157348633,1.8238040208816528,0.015076223760843277,1.0077569484710693,0.008330482989549637,1.006271481513977,5.682312621502206e-05,"[1.5382667779922485, 0.9534082412719727]","[1.5479140281677246, 0.9644811153411865]",exp_07_tms_5_2_5layer_untied_rep1,5,untied,1,30000,0.4877171516418457,0.9188487529754639,-0.007756948471069336,0.008330482989549637
linear1,1.4520705938339233,1.4716436862945557,0.021980345249176025,1.013479471206665,0.015137243084609509,1.0144567489624023,4.831355545320548e-05,"[1.1449593305587769, 0.8930718302726746]","[1.161511778831482, 0.9036731123924255]",exp_07_tms_5_2_5layer_untied_rep1,5,untied,1,35000,0.41054362058639526,0.8487232327461243,-0.013479471206665039,0.015137243084609509
linear2,1.4520705938339233,1.514022946357727,0.40715548396110535,1.042664885520935,0.2803964912891388,1.0137509107589722,0.01657755672931671,"[1.1449593305587769, 0.8930717706680298]","[1.1607035398483276, 0.9721280932426453]",exp_07_tms_5_2_5layer_untied_rep1,5,untied,1,35000,0.4109930992126465,0.8429328799247742,-0.04266488552093506,0.2803964912891388
hidden_layers.0,1.6797314882278442,1.689018964767456,0.009961132891476154,1.0055291652679443,0.005930193699896336,1.004630446434021,2.480604416632559e-05,"[1.419028639793396, 0.8988083004951477]","[1.425599455833435, 0.9057880640029907]",exp_07_tms_5_2_5layer_untied_rep1,5,untied,1,35000,0.48892471194267273,0.9047660231590271,-0.005529165267944336,0.005930193699896336
hidden_layers.1,1.5544795989990234,1.5678858757019043,0.01568540558218956,1.0086243152618408,0.01009045448154211,1.006368637084961,6.150799163151532e-05,"[1.2613334655761719, 0.908539891242981]","[1.2693665027618408, 0.9203121662139893]",exp_07_tms_5_2_5layer_untied_rep1,5,untied,1,35000,0.5004386901855469,0.8906165361404419,-0.00862431526184082,0.01009045448154211
hidden_layers.2,1.8097658157348633,1.8210222721099854,0.013162042014300823,1.0062198638916016,0.007272787392139435,1.004729986190796,4.3309835746185854e-05,"[1.5382667779922485, 0.9534082412719727]","[1.54554283618927, 0.9630263447761536]",exp_07_tms_5_2_5layer_untied_rep1,5,untied,1,35000,0.487577348947525,0.9185255765914917,-0.0062198638916015625,0.007272787392139435
linear1,1.4520705938339233,1.4714305400848389,0.02112233266234398,1.0133326053619385,0.014546354301273823,1.0131139755249023,4.461529533728026e-05,"[1.1449593305587769, 0.8930718302726746]","[1.1599743366241455, 0.9052995443344116]",exp_07_tms_5_2_5layer_untied_rep1,5,untied,1,40000,0.41011372208595276,0.8488157987594604,-0.013332605361938477,0.014546354301273823
linear2,1.4520705938339233,1.51390540599823,0.4077756106853485,1.04258394241333,0.28082355856895447,1.013917326927185,0.016628092154860497,"[1.1449593305587769, 0.8930717706680298]","[1.1608940362930298, 0.9717175960540771]",exp_07_tms_5_2_5layer_untied_rep1,5,untied,1,40000,0.4110102653503418,0.842746913433075,-0.04258394241333008,0.28082355856895447
hidden_layers.0,1.6797314882278442,1.6896796226501465,0.011004638858139515,1.0059224367141724,0.00655142730101943,1.004520297050476,3.0275521567091346e-05,"[1.419028639793396, 0.8988083004951477]","[1.4254430532455444, 0.9072650671005249]",exp_07_tms_5_2_5layer_untied_rep1,5,untied,1,40000,0.48904043436050415,0.9050107002258301,-0.005922436714172363,0.00655142730101943
hidden_layers.1,1.5544795989990234,1.568212628364563,0.015949411317706108,1.0088344812393188,0.010260289534926414,1.0061572790145874,6.359593680826947e-05,"[1.2613334655761719, 0.908539891242981]","[1.2690998315811157, 0.9212362766265869]",exp_07_tms_5_2_5layer_untied_rep1,5,untied,1,40000,0.50032639503479,0.8914973139762878,-0.008834481239318848,0.010260289534926414
hidden_layers.2,1.8097658157348633,1.8217805624008179,0.013030581176280975,1.0066388845443726,0.007200147490948439,1.0052969455718994,4.24490099248942e-05,"[1.5382667779922485, 0.9534082412719727]","[1.5464149713516235, 0.9630606770515442]",exp_07_tms_5_2_5layer_untied_rep1,5,untied,1,40000,0.4876056909561157,0.9186073541641235,-0.006638884544372559,0.007200147490948439
linear1,1.6596964597702026,1.6628183126449585,0.11117848008871078,1.0018810033798218,0.06698723882436752,1.0026755332946777,0.0012360654072836041,"[1.2354940176010132, 1.108217716217041]","[1.2387996912002563, 1.1092071533203125]",exp_07_tms_5_2_6layer_tied_rep1,6,tied,1,5000,0.24924972653388977,0.7367874979972839,-0.0018810033798217773,0.06698723882436752
linear2,1.6596964597702026,1.662818431854248,0.11117848008871078,1.0018810033798218,0.06698723882436752,1.0026754140853882,0.0012360654072836041,"[1.2354941368103027, 1.1082175970077515]","[1.2387995719909668, 1.1092071533203125]",exp_07_tms_5_2_6layer_tied_rep1,6,tied,1,5000,0.24924972653388977,0.7367874979972839,-0.0018810033798217773,0.06698723882436752
hidden_layers.0,1.506945252418518,1.5091309547424316,0.004428942687809467,1.0014504194259644,0.0029390202835202217,1.002631425857544,4.903883564111311e-06,"[1.1514911651611328, 0.9720866084098816]","[1.1545212268829346, 0.9718831777572632]",exp_07_tms_5_2_6layer_tied_rep1,6,tied,1,5000,0.5373926758766174,0.9930946230888367,-0.0014504194259643555,0.0029390202835202217
hidden_layers.1,1.4924083948135376,1.4926445484161377,0.0068062604404985905,1.0001581907272339,0.004560588393360376,1.000259280204773,1.1581294529605657e-05,"[1.1197714805603027, 0.9866077303886414]","[1.1200617551803589, 0.9866353273391724]",exp_07_tms_5_2_6layer_tied_rep1,6,tied,1,5000,0.5148786306381226,0.9907386302947998,-0.00015819072723388672,0.004560588393360376
hidden_layers.2,1.7536572217941284,1.749307632446289,0.008791018277406693,0.9975197315216064,0.005012962501496077,0.9985683560371399,1.9320499632158317e-05,"[1.364236831665039, 1.101894497871399]","[1.362283706665039, 1.0973879098892212]",exp_07_tms_5_2_6layer_tied_rep1,6,tied,1,5000,0.543413519859314,0.9877380728721619,0.0024802684783935547,0.005012962501496077
hidden_layers.3,1.5397075414657593,1.541978359222412,0.003000183729454875,1.0014748573303223,0.0019485412631183863,1.0006895065307617,2.250275883852737e-06,"[1.2294044494628906, 0.9269648194313049]","[1.2302521467208862, 0.929611086845398]",exp_07_tms_5_2_6layer_tied_rep1,6,tied,1,5000,0.4998796582221985,0.9908251762390137,-0.0014748573303222656,0.0019485412631183863
linear1,1.6596964597702026,1.6752134561538696,0.09827025234699249,1.0093493461608887,0.05920977517962456,1.0078401565551758,0.00096570432651788,"[1.2354940176010132, 1.108217716217041]","[1.2451804876327515, 1.1206541061401367]",exp_07_tms_5_2_6layer_tied_rep1,6,tied,1,10000,0.2395765781402588,0.7111578583717346,-0.009349346160888672,0.05920977517962456
linear2,1.6596964597702026,1.6752134561538696,0.09827025234699249,1.0093493461608887,0.05920977517962456,1.0078400373458862,0.00096570432651788,"[1.2354941368103027, 1.1082175970077515]","[1.2451804876327515, 1.1206542253494263]",exp_07_tms_5_2_6layer_tied_rep1,6,tied,1,10000,0.2395765781402588,0.7111578583717346,-0.009349346160888672,0.05920977517962456
hidden_layers.0,1.506945252418518,1.511408805847168,0.005502326413989067,1.0029619932174683,0.0036513113882392645,1.0035125017166138,7.568898581666872e-06,"[1.1514911651611328, 0.9720866084098816]","[1.1555358171463013, 0.9742143750190735]",exp_07_tms_5_2_6layer_tied_rep1,6,tied,1,10000,0.5319338440895081,0.9807432889938354,-0.0029619932174682617,0.0036513113882392645
hidden_layers.1,1.4924083948135376,1.496996521949768,0.00898616574704647,1.003074288368225,0.00602125097066164,1.0051393508911133,2.018779377976898e-05,"[1.1197714805603027, 0.9866077303886414]","[1.1255264282226562, 0.9870100021362305]",exp_07_tms_5_2_6layer_tied_rep1,6,tied,1,10000,0.5044954419136047,0.956771194934845,-0.0030742883682250977,0.00602125097066164
hidden_layers.2,1.7536572217941284,1.7644968032836914,0.012586993165314198,1.0061811208724976,0.007177567575126886,1.0057482719421387,3.960809772252105e-05,"[1.364236831665039, 1.101894497871399]","[1.3720788955688477, 1.10943603515625]",exp_07_tms_5_2_6layer_tied_rep1,6,tied,1,10000,0.5283099412918091,0.9732431173324585,-0.006181120872497559,0.007177567575126886
hidden_layers.3,1.5397075414657593,1.5407928228378296,0.0019378727301955223,1.0007048845291138,0.0012585979420691729,1.0005266666412354,9.388377293362282e-07,"[1.2294044494628906, 0.9269648194313049]","[1.2300519943237305, 0.927908718585968]",exp_07_tms_5_2_6layer_tied_rep1,6,tied,1,10000,0.4866122901439667,0.9711177945137024,-0.0007048845291137695,0.0012585979420691729
linear1,1.6596964597702026,1.6865382194519043,0.10419371724128723,1.0161726474761963,0.0627787783741951,1.015282154083252,0.0010856331791728735,"[1.2354940176010132, 1.108217716217041]","[1.2543751001358032, 1.127366065979004]",exp_07_tms_5_2_6layer_tied_rep1,6,tied,1,15000,0.23879501223564148,0.709475040435791,-0.01617264747619629,0.0627787783741951
linear2,1.6596964597702026,1.6865382194519043,0.10419371724128723,1.0161726474761963,0.0627787783741951,1.015282154083252,0.0010856331791728735,"[1.2354941368103027, 1.1082175970077515]","[1.2543752193450928, 1.127366065979004]",exp_07_tms_5_2_6layer_tied_rep1,6,tied,1,15000,0.23879501223564148,0.709475040435791,-0.01617264747619629,0.0627787783741951
hidden_layers.0,1.506945252418518,1.50740647315979,0.0054711392149329185,1.0003060102462769,0.003630615770816803,1.0017809867858887,7.483340596081689e-06,"[1.1514911651611328, 0.9720866084098816]","[1.153541922569275, 0.9703686237335205]",exp_07_tms_5_2_6layer_tied_rep1,6,tied,1,15000,0.5207502245903015,0.9470820426940918,-0.00030601024627685547,0.003630615770816803
hidden_layers.1,1.4924083948135376,1.4974781274795532,0.005907449405640364,1.003396987915039,0.003958332818001509,1.0016067028045654,8.72448981681373e-06,"[1.1197714805603027, 0.9866077303886414]","[1.1215705871582031, 0.9922299981117249]",exp_07_tms_5_2_6layer_tied_rep1,6,tied,1,15000,0.49099382758140564,0.9452306628227234,-0.0033969879150390625,0.003958332818001509
hidden_layers.2,1.7536572217941284,1.7541159391403198,0.010957295075058937,1.0002615451812744,0.006248253397643566,1.001160740852356,3.001557706738822e-05,"[1.364236831665039, 1.101894497871399]","[1.365820288658142, 1.1006624698638916]",exp_07_tms_5_2_6layer_tied_rep1,6,tied,1,15000,0.5240618586540222,0.953046977519989,-0.00026154518127441406,0.006248253397643566
hidden_layers.3,1.5397075414657593,1.5474761724472046,0.008149083703756332,1.0050455331802368,0.005292617715895176,1.0062000751495361,1.6601890820311382e-05,"[1.2294044494628906, 0.9269648194313049]","[1.2370268106460571, 0.9297563433647156]",exp_07_tms_5_2_6layer_tied_rep1,6,tied,1,15000,0.4780624806880951,0.9475262761116028,-0.005045533180236816,0.005292617715895176
linear1,1.6596964597702026,1.673713207244873,0.11682527512311935,1.008445382118225,0.07038954645395279,1.006617546081543,0.0013648144667968154,"[1.2354940176010132, 1.108217716217041]","[1.2436699867248535, 1.1200898885726929]",exp_07_tms_5_2_6layer_tied_rep1,6,tied,1,20000,0.23748116195201874,0.7027124166488647,-0.008445382118225098,0.07038954645395279
linear2,1.6596964597702026,1.673713207244873,0.11682527512311935,1.008445382118225,0.07038954645395279,1.0066174268722534,0.0013648144667968154,"[1.2354941368103027, 1.1082175970077515]","[1.243669867515564, 1.1200898885726929]",exp_07_tms_5_2_6layer_tied_rep1,6,tied,1,20000,0.23748116195201874,0.7027124166488647,-0.008445382118225098,0.07038954645395279
hidden_layers.0,1.506945252418518,1.5152860879898071,0.013307111337780952,1.0055348873138428,0.008830520324409008,1.0084669589996338,4.426980740390718e-05,"[1.1514911651611328, 0.9720866084098816]","[1.161240816116333, 0.9734533429145813]",exp_07_tms_5_2_6layer_tied_rep1,6,tied,1,20000,0.5081380009651184,0.9363623261451721,-0.0055348873138427734,0.008830520324409008
hidden_layers.1,1.4924083948135376,1.5020015239715576,0.010455588810145855,1.0064280033111572,0.007005849853157997,1.008012056350708,2.7329835575073957e-05,"[1.1197714805603027, 0.9866077303886414]","[1.1287431716918945, 0.9909325242042542]",exp_07_tms_5_2_6layer_tied_rep1,6,tied,1,20000,0.4900320768356323,0.9401717782020569,-0.0064280033111572266,0.007005849853157997
hidden_layers.2,1.7536572217941284,1.7644858360290527,0.01268904097378254,1.006174921989441,0.007235758937895298,1.003618597984314,4.025294038001448e-05,"[1.364236831665039, 1.101894497871399]","[1.369173526763916, 1.1130024194717407]",exp_07_tms_5_2_6layer_tied_rep1,6,tied,1,20000,0.5104914903640747,0.9319900870323181,-0.006174921989440918,0.007235758937895298
hidden_layers.3,1.5397075414657593,1.5498437881469727,0.010717890225350857,1.0065832138061523,0.006960990838706493,1.0050173997879028,2.8718293833662756e-05,"[1.2294044494628906, 0.9269648194313049]","[1.2355728149414062, 0.935615062713623]",exp_07_tms_5_2_6layer_tied_rep1,6,tied,1,20000,0.4791232645511627,0.9315471053123474,-0.006583213806152344,0.006960990838706493
linear1,1.6596964597702026,1.6776745319366455,0.11816855520009995,1.0108321905136108,0.07119889557361603,1.0080442428588867,0.0013963807141408324,"[1.2354940176010132, 1.108217716217041]","[1.2454326152801514, 1.1240507364273071]",exp_07_tms_5_2_6layer_tied_rep1,6,tied,1,25000,0.23565202951431274,0.7028807401657104,-0.01083219051361084,0.07119889557361603
linear2,1.6596964597702026,1.6776745319366455,0.11816855520009995,1.0108321905136108,0.07119889557361603,1.0080442428588867,0.0013963807141408324,"[1.2354941368103027, 1.1082175970077515]","[1.245432734489441, 1.1240506172180176]",exp_07_tms_5_2_6layer_tied_rep1,6,tied,1,25000,0.23565202951431274,0.7028807401657104,-0.01083219051361084,0.07119889557361603
hidden_layers.0,1.506945252418518,1.5171546936035156,0.011175036430358887,1.00677490234375,0.007415688596665859,1.0086075067520142,3.122035923297517e-05,"[1.1514911651611328, 0.9720866084098816]","[1.1614025831222534, 0.9761671423912048]",exp_07_tms_5_2_6layer_tied_rep1,6,tied,1,25000,0.5087655782699585,0.9367161989212036,-0.00677490234375,0.007415688596665859
hidden_layers.1,1.4924083948135376,1.4981436729431152,0.006419302895665169,1.0038429498672485,0.004301304463297129,1.0036423206329346,1.030186285788659e-05,"[1.1197714805603027, 0.9866077303886414]","[1.1238499879837036, 0.9906540513038635]",exp_07_tms_5_2_6layer_tied_rep1,6,tied,1,25000,0.48740121722221375,0.9372347593307495,-0.003842949867248535,0.004301304463297129
hidden_layers.2,1.7536572217941284,1.759257435798645,0.009909105487167835,1.0031934976577759,0.005650537088513374,0.9999194145202637,2.4547591237933375e-05,"[1.364236831665039, 1.101894497871399]","[1.3641269207000732, 1.1109206676483154]",exp_07_tms_5_2_6layer_tied_rep1,6,tied,1,25000,0.5077076554298401,0.9283314347267151,-0.003193497657775879,0.005650537088513374
hidden_layers.3,1.5397075414657593,1.5522739887237549,0.013651730492711067,1.0081615447998047,0.008866444230079651,1.008516788482666,4.6592434955528006e-05,"[1.2294044494628906, 0.9269648194313049]","[1.239875078201294, 0.9339509010314941]",exp_07_tms_5_2_6layer_tied_rep1,6,tied,1,25000,0.46594226360321045,0.9221736192703247,-0.008161544799804688,0.008866444230079651
linear1,1.6596964597702026,1.67908775806427,0.12464094907045364,1.0116835832595825,0.07509864121675491,1.0080947875976562,0.0015535366255789995,"[1.2354940176010132, 1.108217716217041]","[1.245495080947876, 1.1260896921157837]",exp_07_tms_5_2_6layer_tied_rep1,6,tied,1,30000,0.23681320250034332,0.7023261189460754,-0.01168358325958252,0.07509864121675491
linear2,1.6596964597702026,1.6790878772735596,0.12464094907045364,1.011683702468872,0.07509864121675491,1.0080946683883667,0.0015535366255789995,"[1.2354941368103027, 1.1082175970077515]","[1.245495080947876, 1.1260896921157837]",exp_07_tms_5_2_6layer_tied_rep1,6,tied,1,30000,0.23681320250034332,0.7023261189460754,-0.01168370246887207,0.07509864121675491
hidden_layers.0,1.506945252418518,1.5146310329437256,0.00971940252929926,1.0051002502441406,0.006449738517403603,1.0077742338180542,2.361669612582773e-05,"[1.1514911651611328, 0.9720866084098816]","[1.1604430675506592, 0.9733853340148926]",exp_07_tms_5_2_6layer_tied_rep1,6,tied,1,30000,0.5069352984428406,0.9350431561470032,-0.005100250244140625,0.006449738517403603
hidden_layers.1,1.4924083948135376,1.5014617443084717,0.009593556635081768,1.0060663223266602,0.00642823800444603,1.0047932863235474,2.3009080905467272e-05,"[1.1197714805603027, 0.9866077303886414]","[1.1251388788223267, 0.9942081570625305]",exp_07_tms_5_2_6layer_tied_rep1,6,tied,1,30000,0.4870682656764984,0.9391949772834778,-0.006066322326660156,0.00642823800444603
hidden_layers.2,1.7536572217941284,1.7601163387298584,0.008776567876338959,1.0036832094192505,0.005004722625017166,1.0009604692459106,1.9257035091868602e-05,"[1.364236831665039, 1.101894497871399]","[1.3655471801757812, 1.1105362176895142]",exp_07_tms_5_2_6layer_tied_rep1,6,tied,1,30000,0.5087462067604065,0.9259969592094421,-0.0036832094192504883,0.005004722625017166
hidden_layers.3,1.5397075414657593,1.552020788192749,0.013529002666473389,1.0079971551895142,0.008786735124886036,1.0061306953430176,4.575847924570553e-05,"[1.2294044494628906, 0.9269648194313049]","[1.2369415760040283, 0.9374136924743652]",exp_07_tms_5_2_6layer_tied_rep1,6,tied,1,30000,0.4635770320892334,0.9189223051071167,-0.00799715518951416,0.008786735124886036
linear1,1.6596964597702026,1.675855040550232,0.12274748831987381,1.0097358226776123,0.07395779341459274,1.0068978071212769,0.0015066945925354958,"[1.2354940176010132, 1.108217716217041]","[1.2440162897109985, 1.1229040622711182]",exp_07_tms_5_2_6layer_tied_rep1,6,tied,1,35000,0.23548023402690887,0.701774537563324,-0.009735822677612305,0.07395779341459274
linear2,1.6596964597702026,1.675855040550232,0.12274748831987381,1.0097358226776123,0.07395779341459274,1.0068978071212769,0.0015066945925354958,"[1.2354941368103027, 1.1082175970077515]","[1.244016408920288, 1.1229039430618286]",exp_07_tms_5_2_6layer_tied_rep1,6,tied,1,35000,0.23548023402690887,0.701774537563324,-0.009735822677612305,0.07395779341459274
hidden_layers.0,1.506945252418518,1.5135905742645264,0.008841154165565968,1.0044097900390625,0.005866937804967165,1.004861831665039,1.9541501387720928e-05,"[1.1514911651611328, 0.9720866084098816]","[1.1570894718170166, 0.9757561087608337]",exp_07_tms_5_2_6layer_tied_rep1,6,tied,1,35000,0.5079349875450134,0.9340155124664307,-0.0044097900390625,0.005866937804967165
hidden_layers.1,1.4924083948135376,1.4995256662368774,0.0073217712342739105,1.004768967628479,0.00490601034834981,1.0044286251068115,1.3402083823166322e-05,"[1.1197714805603027, 0.9866077303886414]","[1.1247305870056152, 0.991745114326477]",exp_07_tms_5_2_6layer_tied_rep1,6,tied,1,35000,0.4883876144886017,0.9393845200538635,-0.004768967628479004,0.00490601034834981
hidden_layers.2,1.7536572217941284,1.7626248598098755,0.009009556844830513,1.0051137208938599,0.005137581378221512,1.0053184032440186,2.0293029592721723e-05,"[1.364236831665039, 1.101894497871399]","[1.3714923858642578, 1.1071833372116089]",exp_07_tms_5_2_6layer_tied_rep1,6,tied,1,35000,0.5080656409263611,0.9255617260932922,-0.005113720893859863,0.005137581378221512
hidden_layers.3,1.5397075414657593,1.5489314794540405,0.009687545709311962,1.005990743637085,0.0062918090261518955,1.005332350730896,2.3462134777219035e-05,"[1.2294044494628906, 0.9269648194313049]","[1.2359600067138672, 0.9335907697677612]",exp_07_tms_5_2_6layer_tied_rep1,6,tied,1,35000,0.46413764357566833,0.9156299233436584,-0.005990743637084961,0.0062918090261518955
linear1,1.6596964597702026,1.6773613691329956,0.12213998287916183,1.010643482208252,0.07359176129102707,1.0085060596466064,0.0014918174128979445,"[1.2354940176010132, 1.108217716217041]","[1.246003270149231, 1.1229499578475952]",exp_07_tms_5_2_6layer_tied_rep1,6,tied,1,40000,0.23583132028579712,0.7023875117301941,-0.010643482208251953,0.07359176129102707
linear2,1.6596964597702026,1.6773613691329956,0.12213998287916183,1.010643482208252,0.07359176129102707,1.0085058212280273,0.0014918174128979445,"[1.2354941368103027, 1.1082175970077515]","[1.2460030317306519, 1.1229501962661743]",exp_07_tms_5_2_6layer_tied_rep1,6,tied,1,40000,0.23583132028579712,0.7023875117301941,-0.010643482208251953,0.07359176129102707
hidden_layers.0,1.506945252418518,1.5143184661865234,0.008594932034611702,1.0048928260803223,0.005703546106815338,1.005158543586731,1.846821396611631e-05,"[1.1514911651611328, 0.9720866084098816]","[1.1574312448501587, 0.9764801263809204]",exp_07_tms_5_2_6layer_tied_rep1,6,tied,1,40000,0.508029043674469,0.9354934096336365,-0.004892826080322266,0.005703546106815338
hidden_layers.1,1.4924083948135376,1.498150110244751,0.005894664209336042,1.0038472414016724,0.003949766047298908,1.0032106637954712,8.686766705068294e-06,"[1.1197714805603027, 0.9866077303886414]","[1.1233667135238647, 0.991212010383606]",exp_07_tms_5_2_6layer_tied_rep1,6,tied,1,40000,0.48749372363090515,0.9388653039932251,-0.0038472414016723633,0.003949766047298908
hidden_layers.2,1.7536572217941284,1.7620441913604736,0.008531725034117699,1.0047825574874878,0.004865104332566261,1.0048611164093018,1.8197582903667353e-05,"[1.364236831665039, 1.101894497871399]","[1.3708685636520386, 1.1070317029953003]",exp_07_tms_5_2_6layer_tied_rep1,6,tied,1,40000,0.507976233959198,0.925205409526825,-0.004782557487487793,0.004865104332566261
hidden_layers.3,1.5397075414657593,1.5498842000961304,0.010509120300412178,1.0066094398498535,0.0068254005163908005,1.005489706993103,2.7610403776634485e-05,"[1.2294044494628906, 0.9269648194313049]","[1.236153483390808, 0.9349150061607361]",exp_07_tms_5_2_6layer_tied_rep1,6,tied,1,40000,0.4642687439918518,0.9159852862358093,-0.006609439849853516,0.0068254005163908005
linear1,1.5816348791122437,1.5829994678497314,0.12299839407205582,1.000862717628479,0.07776661962270737,1.0018036365509033,0.0015128601808100939,"[1.550775408744812, 0.31090983748435974]","[1.5535725355148315, 0.30380895733833313]",exp_07_tms_5_2_6layer_untied_rep1,6,untied,1,5000,0.49189990758895874,0.7002152800559998,-0.0008627176284790039,0.07776661962270737
linear2,1.5816348791122437,1.5603923797607422,0.1441330909729004,0.9865692853927612,0.09112918376922607,0.9986370205879211,0.0020774349104613066,"[1.550775408744812, 0.31090983748435974]","[1.548661708831787, 0.19097350537776947]",exp_07_tms_5_2_6layer_untied_rep1,6,untied,1,5000,0.524331271648407,0.7544625997543335,0.01343071460723877,0.09112918376922607
hidden_layers.0,1.358361005783081,1.3562688827514648,0.04270387440919876,0.9984598159790039,0.031437795609235764,1.0030580759048462,0.00045590524678118527,"[1.3402115106582642, 0.22130952775478363]","[1.34430992603302, 0.17971034348011017]",exp_07_tms_5_2_6layer_untied_rep1,6,untied,1,5000,0.6311661601066589,0.7209213376045227,0.0015401840209960938,0.031437795609235764
hidden_layers.1,1.2818464040756226,1.298925757408142,0.11134815961122513,1.0133240222930908,0.08686544746160507,1.0022963285446167,0.0030996031127870083,"[1.2660328149795532, 0.20072755217552185]","[1.2689399719238281, 0.2774880826473236]",exp_07_tms_5_2_6layer_untied_rep1,6,untied,1,5000,0.524927020072937,0.7812076807022095,-0.01332402229309082,0.08686544746160507
hidden_layers.2,1.4754862785339355,1.4750211238861084,0.17988808453083038,0.999684751033783,0.12191782891750336,0.9866240620613098,0.008089931681752205,"[1.4707666635513306, 0.11792171001434326]","[1.4510937929153442, 0.26460087299346924]",exp_07_tms_5_2_6layer_untied_rep1,6,untied,1,5000,0.4378463625907898,0.5826847553253174,0.000315248966217041,0.12191782891750336
hidden_layers.3,1.3179171085357666,1.3163865804672241,0.05253637209534645,0.9988386631011963,0.039863184094429016,0.9985578656196594,0.000690017594024539,"[1.3176356554031372, 0.027242466807365417]","[1.3157354593276978, 0.04139730706810951]",exp_07_tms_5_2_6layer_untied_rep1,6,untied,1,5000,0.5394240021705627,0.7347105145454407,0.001161336898803711,0.039863184094429016
linear1,1.5816348791122437,1.5686790943145752,0.16196976602077484,0.9918085932731628,0.10240654647350311,1.0023839473724365,0.0026234204415231943,"[1.550775408744812, 0.31090983748435974]","[1.5544724464416504, 0.21063996851444244]",exp_07_tms_5_2_6layer_untied_rep1,6,untied,1,10000,0.544219434261322,0.7774136066436768,0.008191406726837158,0.10240654647350311
linear2,1.5816348791122437,1.572566270828247,0.15100760757923126,0.9942663311958313,0.09547564387321472,1.006615161895752,0.0022803295869380236,"[1.550775408744812, 0.31090983748435974]","[1.5610339641571045, 0.19009935855865479]",exp_07_tms_5_2_6layer_untied_rep1,6,untied,1,10000,0.534421980381012,0.7640416622161865,0.005733668804168701,0.09547564387321472
hidden_layers.0,1.358361005783081,1.3513418436050415,0.03769635409116745,0.9948326349258423,0.02775135263800621,0.9989458918571472,0.00035525375278666615,"[1.3402115106582642, 0.22130952775478363]","[1.3387987613677979, 0.1836916208267212]",exp_07_tms_5_2_6layer_untied_rep1,6,untied,1,10000,0.7513657212257385,0.8248255848884583,0.005167365074157715,0.02775135263800621
hidden_layers.1,1.2818464040756226,1.2775589227676392,0.06260987371206284,0.9966552257537842,0.04884350672364235,0.9958608150482178,0.0009799990803003311,"[1.2660328149795532, 0.20072755217552185]","[1.2607924938201904, 0.20629829168319702]",exp_07_tms_5_2_6layer_untied_rep1,6,untied,1,10000,0.5896735787391663,0.8243739008903503,0.0033447742462158203,0.04884350672364235
hidden_layers.2,1.4754862785339355,1.507494330406189,0.4927526116371155,1.021693229675293,0.3339594602584839,0.9707180261611938,0.06070128083229065,"[1.4707666635513306, 0.11792171001434326]","[1.4276996850967407, 0.4839549958705902]",exp_07_tms_5_2_6layer_untied_rep1,6,untied,1,10000,0.5313385725021362,0.6777169704437256,-0.02169322967529297,0.3339594602584839
hidden_layers.3,1.3179171085357666,1.3202444314956665,0.06024971231818199,1.0017659664154053,0.04571585729718208,1.0019334554672241,0.0009075069683603942,"[1.3176356554031372, 0.027242466807365417]","[1.320183277130127, 0.012697535566985607]",exp_07_tms_5_2_6layer_untied_rep1,6,untied,1,10000,0.5897418856620789,0.7831598520278931,-0.0017659664154052734,0.04571585729718208
linear1,1.5816348791122437,1.5624500513076782,0.29267778992652893,0.9878702759742737,0.18504762649536133,1.0045952796936035,0.00856602843850851,"[1.550775408744812, 0.31090983748435974]","[1.5579017400741577, 0.11913111805915833]",exp_07_tms_5_2_6layer_untied_rep1,6,untied,1,15000,0.6510465741157532,0.8978224992752075,0.012129724025726318,0.18504762649536133
linear2,1.5816348791122437,1.5738475322723389,0.16620469093322754,0.9950764179229736,0.10508410632610321,1.0080431699752808,0.0027624000795185566,"[1.550775408744812, 0.31090983748435974]","[1.5632485151290894, 0.18234635889530182]",exp_07_tms_5_2_6layer_untied_rep1,6,untied,1,15000,0.5399143695831299,0.7632514238357544,0.004923582077026367,0.10508410632610321
hidden_layers.0,1.358361005783081,1.3504201173782349,0.057209562510252,0.9941540956497192,0.04211661219596863,1.000133991241455,0.0008182334713637829,"[1.3402115106582642, 0.22130952775478363]","[1.3403911590576172, 0.16427358984947205]",exp_07_tms_5_2_6layer_untied_rep1,6,untied,1,15000,0.8219122290611267,0.8781779408454895,0.005845904350280762,0.04211661219596863
hidden_layers.1,1.2818464040756226,1.2821500301361084,0.04831726476550102,1.0002368688583374,0.03769348934292793,0.9992766380310059,0.0005836394848302007,"[1.2660328149795532, 0.20072755217552185]","[1.2651170492172241, 0.20829658210277557]",exp_07_tms_5_2_6layer_untied_rep1,6,untied,1,15000,0.6077089309692383,0.8218022584915161,-0.00023686885833740234,0.03769348934292793
hidden_layers.2,1.4754862785339355,1.4668164253234863,0.3627535104751587,0.9941240549087524,0.24585352838039398,0.9708669781684875,0.032897528260946274,"[1.4707666635513306, 0.11792171001434326]","[1.427918791770935, 0.3355569839477539]",exp_07_tms_5_2_6layer_untied_rep1,6,untied,1,15000,0.5697944760322571,0.7066813111305237,0.005875945091247559,0.24585352838039398
hidden_layers.3,1.3179171085357666,1.3234705924987793,0.08421875536441803,1.004213809967041,0.06390292197465897,1.0037133693695068,0.0017731997650116682,"[1.3176356554031372, 0.027242466807365417]","[1.3225284814834595, 0.04992767795920372]",exp_07_tms_5_2_6layer_untied_rep1,6,untied,1,15000,0.6007242202758789,0.781326413154602,-0.004213809967041016,0.06390292197465897
linear1,1.5816348791122437,1.569091796875,0.33217811584472656,0.9920695424079895,0.2100220024585724,1.007035732269287,0.011034229770302773,"[1.550775408744812, 0.31090983748435974]","[1.5616861581802368, 0.15226714313030243]",exp_07_tms_5_2_6layer_untied_rep1,6,untied,1,20000,0.6762286424636841,0.9218090176582336,0.007930457592010498,0.2100220024585724
linear2,1.5816348791122437,1.5668123960494995,0.16715767979621887,0.9906283617019653,0.10568664222955704,1.0037841796875,0.00279416935518384,"[1.550775408744812, 0.31090983748435974]","[1.5566438436508179, 0.17821760475635529]",exp_07_tms_5_2_6layer_untied_rep1,6,untied,1,20000,0.5421342849731445,0.7675506472587585,0.009371638298034668,0.10568664222955704
hidden_layers.0,1.358361005783081,1.3542115688323975,0.04667186364531517,0.9969452619552612,0.034358955919742584,1.001981258392334,0.0005445657297968864,"[1.3402115106582642, 0.22130952775478363]","[1.3428667783737183, 0.1749235987663269]",exp_07_tms_5_2_6layer_untied_rep1,6,untied,1,20000,0.8329765200614929,0.8848001956939697,0.0030547380447387695,0.034358955919742584
hidden_layers.1,1.2818464040756226,1.289253830909729,0.039306361228227615,1.0057786703109741,0.030663862824440002,1.0007389783859253,0.00038624752778559923,"[1.2660328149795532, 0.20072755217552185]","[1.2669683694839478, 0.2386763095855713]",exp_07_tms_5_2_6layer_untied_rep1,6,untied,1,20000,0.6006543636322021,0.8040056228637695,-0.005778670310974121,0.030663862824440002
hidden_layers.2,1.4754862785339355,1.4834909439086914,0.3105180263519287,1.0054250955581665,0.21045131981372833,0.9761592149734497,0.024105358868837357,"[1.4707666635513306, 0.11792171001434326]","[1.4357024431228638, 0.37350162863731384]",exp_07_tms_5_2_6layer_untied_rep1,6,untied,1,20000,0.5564354658126831,0.6974433064460754,-0.005425095558166504,0.21045131981372833
hidden_layers.3,1.3179171085357666,1.3218154907226562,0.10685096681118011,1.0029579401016235,0.08107563853263855,1.0017229318618774,0.002854282269254327,"[1.3176356554031372, 0.027242466807365417]","[1.3199058771133423, 0.07102536410093307]",exp_07_tms_5_2_6layer_untied_rep1,6,untied,1,20000,0.569560170173645,0.7464886903762817,-0.002957940101623535,0.08107563853263855
linear1,1.5816348791122437,1.5702959299087524,0.3308521807193756,0.9928308725357056,0.20918366312980652,1.0061694383621216,0.01094631664454937,"[1.550775408744812, 0.31090983748435974]","[1.5603429079055786, 0.17651872336864471]",exp_07_tms_5_2_6layer_untied_rep1,6,untied,1,25000,0.6798681616783142,0.9266577959060669,0.007169127464294434,0.20918366312980652
linear2,1.5816348791122437,1.5688176155090332,0.1714736670255661,0.9918962121009827,0.10841545462608337,1.0052478313446045,0.002940321806818247,"[1.550775408744812, 0.31090983748435974]","[1.5589137077331543, 0.17600320279598236]",exp_07_tms_5_2_6layer_untied_rep1,6,untied,1,25000,0.5415853261947632,0.7667909860610962,0.008103787899017334,0.10841545462608337
hidden_layers.0,1.358361005783081,1.3487461805343628,0.058189842849969864,0.992921769618988,0.04283827543258667,0.9989753365516663,0.0008465144783258438,"[1.3402115106582642, 0.22130952775478363]","[1.3388382196426392, 0.16318251192569733]",exp_07_tms_5_2_6layer_untied_rep1,6,untied,1,25000,0.8449259400367737,0.8922762870788574,0.007078230381011963,0.04283827543258667
hidden_layers.1,1.2818464040756226,1.2897907495498657,0.05065494403243065,1.0061975717544556,0.03951717168092728,1.0002151727676392,0.0006414808449335396,"[1.2660328149795532, 0.20072755217552185]","[1.2663052082061768, 0.24501341581344604]",exp_07_tms_5_2_6layer_untied_rep1,6,untied,1,25000,0.6069389581680298,0.8028875589370728,-0.006197571754455566,0.03951717168092728
hidden_layers.2,1.4754862785339355,1.4644824266433716,0.2788296937942505,0.9925422072410583,0.1889747828245163,0.9730620384216309,0.01943649910390377,"[1.4707666635513306, 0.11792171001434326]","[1.4311472177505493, 0.3106875717639923]",exp_07_tms_5_2_6layer_untied_rep1,6,untied,1,25000,0.5627385377883911,0.7020668387413025,0.00745779275894165,0.1889747828245163
hidden_layers.3,1.3179171085357666,1.3188663721084595,0.12210676819086075,1.0007202625274658,0.09265132993459702,0.9987051486968994,0.003727516159415245,"[1.3176356554031372, 0.027242466807365417]","[1.3159295320510864, 0.08796434104442596]",exp_07_tms_5_2_6layer_untied_rep1,6,untied,1,25000,0.5508179068565369,0.7248290777206421,-0.0007202625274658203,0.09265132993459702
linear1,1.5816348791122437,1.5726687908172607,0.3384283781051636,0.9943311214447021,0.2139737755060196,1.0073060989379883,0.011453377082943916,"[1.550775408744812, 0.31090983748435974]","[1.5621055364608765, 0.1819702386856079]",exp_07_tms_5_2_6layer_untied_rep1,6,untied,1,30000,0.6812889575958252,0.9290196895599365,0.0056688785552978516,0.2139737755060196
linear2,1.5816348791122437,1.5717968940734863,0.1732785850763321,0.9937798380851746,0.10955663025379181,1.0072695016860962,0.003002546727657318,"[1.550775408744812, 0.31090983748435974]","[1.5620487928390503, 0.1747846007347107]",exp_07_tms_5_2_6layer_untied_rep1,6,untied,1,30000,0.5418503284454346,0.7681161761283875,0.0062201619148254395,0.10955663025379181
hidden_layers.0,1.358361005783081,1.3493539094924927,0.0644693523645401,0.9933691620826721,0.0474611334502697,0.9998942613601685,0.0010390743846073747,"[1.3402115106582642, 0.22130952775478363]","[1.3400697708129883, 0.15801675617694855]",exp_07_tms_5_2_6layer_untied_rep1,6,untied,1,30000,0.8472506403923035,0.8909099102020264,0.006630837917327881,0.0474611334502697
hidden_layers.1,1.2818464040756226,1.2873262166976929,0.04984016343951225,1.0042749643325806,0.038881540298461914,0.9993058443069458,0.0006210104329511523,"[1.2660328149795532, 0.20072755217552185]","[1.2651540040969849, 0.23789487779140472]",exp_07_tms_5_2_6layer_untied_rep1,6,untied,1,30000,0.6109938025474548,0.8026123046875,-0.004274964332580566,0.038881540298461914
hidden_layers.2,1.4754862785339355,1.4677742719650269,0.2512122392654419,0.994773268699646,0.17025725543498993,0.977312445640564,0.015776898711919785,"[1.4707666635513306, 0.11792171001434326]","[1.4373985528945923, 0.2970629632472992]",exp_07_tms_5_2_6layer_untied_rep1,6,untied,1,30000,0.5633395314216614,0.7036747336387634,0.005226731300354004,0.17025725543498993
hidden_layers.3,1.3179171085357666,1.3218719959259033,0.14556251466274261,1.0030008554458618,0.1104489117860794,0.999862551689148,0.005297111812978983,"[1.3176356554031372, 0.027242466807365417]","[1.3174545764923096, 0.10797929763793945]",exp_07_tms_5_2_6layer_untied_rep1,6,untied,1,30000,0.5433828830718994,0.7141385078430176,-0.0030008554458618164,0.1104489117860794
linear1,1.5816348791122437,1.570526123046875,0.3388647139072418,0.9929764270782471,0.2142496407032013,1.0059738159179688,0.011482929810881615,"[1.550775408744812, 0.31090983748435974]","[1.5600395202636719, 0.18118883669376373]",exp_07_tms_5_2_6layer_untied_rep1,6,untied,1,35000,0.6802529096603394,0.9285387992858887,0.00702357292175293,0.2142496407032013
linear2,1.5816348791122437,1.5704327821731567,0.17119425535202026,0.9929174184799194,0.10823879390954971,1.0063670873641968,0.0029307473450899124,"[1.550775408744812, 0.31090983748435974]","[1.5606492757797241, 0.17502200603485107]",exp_07_tms_5_2_6layer_untied_rep1,6,untied,1,35000,0.5426243543624878,0.7689484357833862,0.007082581520080566,0.10823879390954971
hidden_layers.0,1.358361005783081,1.3493821620941162,0.05947950854897499,0.9933899641036987,0.04378770291805267,0.9994462728500366,0.0008844528347253799,"[1.3402115106582642, 0.22130952775478363]","[1.3394694328308105, 0.16325972974300385]",exp_07_tms_5_2_6layer_untied_rep1,6,untied,1,35000,0.8472011685371399,0.8911772966384888,0.0066100358963012695,0.04378770291805267
hidden_layers.1,1.2818464040756226,1.2880067825317383,0.038329314440488815,1.0048059225082397,0.029901644214987755,1.00023353099823,0.0003672841121442616,"[1.2660328149795532, 0.20072755217552185]","[1.2663284540176392, 0.23531626164913177]",exp_07_tms_5_2_6layer_untied_rep1,6,untied,1,35000,0.6081905961036682,0.7985184192657471,-0.004805922508239746,0.029901644214987755
hidden_layers.2,1.4754862785339355,1.4701735973358154,0.20859277248382568,0.9963993430137634,0.1413722187280655,0.9816580414772034,0.01087773684412241,"[1.4707666635513306, 0.11792171001434326]","[1.4437899589538574, 0.2772741913795471]",exp_07_tms_5_2_6layer_untied_rep1,6,untied,1,35000,0.5586404204368591,0.6971674561500549,0.0036006569862365723,0.1413722187280655
hidden_layers.3,1.3179171085357666,1.322724461555481,0.1435479372739792,1.0036476850509644,0.10892030596733093,1.0003058910369873,0.005151502322405577,"[1.3176356554031372, 0.027242466807365417]","[1.3180387020111084, 0.11123683303594589]",exp_07_tms_5_2_6layer_untied_rep1,6,untied,1,35000,0.5367893576622009,0.705988347530365,-0.0036476850509643555,0.10892030596733093
linear1,1.5816348791122437,1.5726553201675415,0.33847078680992126,0.9943225979804993,0.21400058269500732,1.0072895288467407,0.011456246487796307,"[1.550775408744812, 0.31090983748435974]","[1.562079906463623, 0.18207478523254395]",exp_07_tms_5_2_6layer_untied_rep1,6,untied,1,40000,0.6799157857894897,0.9269146919250488,0.005677402019500732,0.21400058269500732
linear2,1.5816348791122437,1.569433569908142,0.17104031145572662,0.9922856092453003,0.1081414669752121,1.0057235956192017,0.002925478620454669,"[1.550775408744812, 0.31090983748435974]","[1.5596513748168945, 0.17495471239089966]",exp_07_tms_5_2_6layer_untied_rep1,6,untied,1,40000,0.5422610640525818,0.768877387046814,0.007714390754699707,0.1081414669752121
hidden_layers.0,1.358361005783081,1.349261999130249,0.05901231989264488,0.993301510810852,0.043443769216537476,0.9992826581001282,0.0008706134976819158,"[1.3402115106582642, 0.22130952775478363]","[1.339250087738037, 0.16406480967998505]",exp_07_tms_5_2_6layer_untied_rep1,6,untied,1,40000,0.8442989587783813,0.8882323503494263,0.006698489189147949,0.043443769216537476
hidden_layers.1,1.2818464040756226,1.2881096601486206,0.039520859718322754,1.0048861503601074,0.030831197276711464,1.0001331567764282,0.00039047462632879615,"[1.2660328149795532, 0.20072755217552185]","[1.266201376914978, 0.23655909299850464]",exp_07_tms_5_2_6layer_untied_rep1,6,untied,1,40000,0.6081545948982239,0.7984381914138794,-0.004886150360107422,0.030831197276711464
hidden_layers.2,1.4754862785339355,1.4713994264602661,0.20042067766189575,0.9972301721572876,0.13583365082740784,0.9827558994293213,0.010042112320661545,"[1.4707666635513306, 0.11792171001434326]","[1.4454046487808228, 0.27535656094551086]",exp_07_tms_5_2_6layer_untied_rep1,6,untied,1,40000,0.5574656128883362,0.6961616277694702,0.0027698278427124023,0.13583365082740784
hidden_layers.3,1.3179171085357666,1.3212047815322876,0.14687715470790863,1.0024945735931396,0.11144642531871796,0.9990187287330627,0.0053932243026793,"[1.3176356554031372, 0.027242466807365417]","[1.3163427114486694, 0.11324340850114822]",exp_07_tms_5_2_6layer_untied_rep1,6,untied,1,40000,0.5374909043312073,0.7070590853691101,-0.0024945735931396484,0.11144642531871796
